ablation_index,sample_id,track_c_status,variant,schema_valid,parse_error,conversion_ok,conversion_errors,skill_sequence,status,updated_at
1,CommenSence/insert_flower_common_sense/example19,C1_qwen_guided_condition_failure,NF,True,,True,,pick>place,skipped_existing,2026-05-29 21:32:41
2,CommenSence/insert_flower_common_sense/example81,C1_qwen_guided_condition_failure,NF,True,,True,,pick>place,skipped_existing,2026-05-29 21:32:41
3,CommenSence/select_billiards_common_sense/example21,C1_qwen_guided_condition_failure,NF,True,,True,,pick>insert,completed,2026-05-29 21:32:42
4,CommenSence/select_billiards_common_sense/example30,C1_qwen_guided_condition_failure,NF,True,,True,,pick>place,completed,2026-05-29 21:32:43
5,CommenSence/select_billiards_common_sense/example47,C1_qwen_guided_condition_failure,NF,True,,True,,insert,completed,2026-05-29 21:32:44
6,CommenSence/select_billiards_common_sense/example6,C1_qwen_guided_condition_failure,NF,True,,True,,pick>place,completed,2026-05-29 21:32:45
7,CommenSence/select_billiards_common_sense/example61,C1_qwen_guided_condition_failure,NF,True,,True,,pick>place,completed,2026-05-29 21:32:46
8,CommenSence/select_billiards_common_sense/example65,C1_qwen_guided_condition_failure,NF,True,,True,,insert,completed,2026-05-29 21:32:47
9,CommenSence/select_billiards_common_sense/example70,C1_qwen_guided_condition_failure,NF,True,,True,,insert,completed,2026-05-29 21:32:48
10,CommenSence/select_billiards_common_sense/example80,C1_qwen_guided_condition_failure,NF,True,,True,,insert,completed,2026-05-29 21:32:49
11,CommenSence/select_billiards_common_sense/example83,C1_qwen_guided_condition_failure,NF,True,,True,,pick>insert,completed,2026-05-29 21:32:50
12,CommenSence/select_billiards_common_sense/example84,C1_qwen_guided_condition_failure,NF,False,,False,sequence_missing_or_empty,,completed,2026-05-29 21:32:51
13,CommenSence/select_billiards_common_sense/example89,C1_qwen_guided_condition_failure,NF,True,,True,,pick>insert,completed,2026-05-29 21:32:52
14,CommenSence/select_billiards_common_sense/example92,C1_qwen_guided_condition_failure,NF,True,,True,,insert,completed,2026-05-29 21:32:53
15,CommenSence/select_billiards_common_sense/example99,C1_qwen_guided_condition_failure,NF,True,,True,,pick>insert,completed,2026-05-29 21:32:54
16,CommenSence/select_chemistry_tube_common_sense/example82,C1_qwen_guided_condition_failure,NF,False,,False,sequence_missing_or_empty,,completed,2026-05-29 21:32:55
17,CommenSence/select_drink_common_sense/example1,C1_qwen_guided_condition_failure,NF,False,,False,sequence_missing_or_empty,,completed,2026-05-29 21:32:56
18,CommenSence/select_drink_common_sense/example11,C1_qwen_guided_condition_failure,NF,True,,True,,pick>place,completed,2026-05-29 21:32:57
19,CommenSence/select_drink_common_sense/example67,C1_qwen_guided_condition_failure,NF,False,,False,sequence_missing_or_empty,,completed,2026-05-29 21:32:58
20,CommenSence/select_drink_common_sense/example95,C1_qwen_guided_condition_failure,NF,False,,False,sequence_missing_or_empty,,completed,2026-05-29 21:32:59
21,CommenSence/select_drink_common_sense/example96,C1_qwen_guided_condition_failure,NF,False,,False,sequence_missing_or_empty,,completed,2026-05-29 21:32:59
22,CommenSence/select_fruit_common_sense/example3,C1_qwen_guided_condition_failure,NF,False,,False,sequence_missing_or_empty,,completed,2026-05-29 21:33:00
23,CommenSence/select_fruit_common_sense/example30,C1_qwen_guided_condition_failure,NF,False,,False,sequence_missing_or_empty,,completed,2026-05-29 21:33:01
24,CommenSence/select_fruit_common_sense/example32,C1_qwen_guided_condition_failure,NF,True,,True,,pick>place,completed,2026-05-29 21:33:02
25,CommenSence/select_fruit_common_sense/example93,C1_qwen_guided_condition_failure,NF,False,,False,sequence_missing_or_empty,,completed,2026-05-29 21:33:03
26,CommenSence/select_nth_largest_poker/example16,C1_qwen_guided_condition_failure,NF,False,,False,sequence_missing_or_empty,,completed,2026-05-29 21:33:04
27,CommenSence/select_nth_largest_poker/example22,C1_qwen_guided_condition_failure,NF,False,,False,sequence_missing_or_empty,,completed,2026-05-29 21:33:05
28,CommenSence/select_nth_largest_poker/example24,C1_qwen_guided_condition_failure,NF,False,,False,sequence_missing_or_empty,,completed,2026-05-29 21:33:06
29,CommenSence/select_nth_largest_poker/example27,C1_qwen_guided_condition_failure,NF,False,,False,sequence_missing_or_empty,,completed,2026-05-29 21:33:07
30,CommenSence/select_nth_largest_poker/example30,C1_qwen_guided_condition_failure,NF,False,,False,sequence_missing_or_empty,,completed,2026-05-29 21:33:08
31,CommenSence/select_nth_largest_poker/example48,C1_qwen_guided_condition_failure,NF,False,,False,sequence_missing_or_empty,,completed,2026-05-29 21:33:09
32,CommenSence/select_nth_largest_poker/example54,C1_qwen_guided_condition_failure,NF,False,,False,sequence_missing_or_empty,,completed,2026-05-29 21:33:09
33,CommenSence/select_nth_largest_poker/example65,C1_qwen_guided_condition_failure,NF,False,,False,sequence_missing_or_empty,,completed,2026-05-29 21:33:10
34,CommenSence/select_nth_largest_poker/example66,C1_qwen_guided_condition_failure,NF,False,,False,sequence_missing_or_empty,,completed,2026-05-29 21:33:11
35,CommenSence/select_nth_largest_poker/example68,C1_qwen_guided_condition_failure,NF,False,,False,sequence_missing_or_empty,,completed,2026-05-29 21:33:12
36,CommenSence/select_nth_largest_poker/example76,C1_qwen_guided_condition_failure,NF,False,,False,sequence_missing_or_empty,,completed,2026-05-29 21:33:13
37,CommenSence/select_nth_largest_poker/example83,C1_qwen_guided_condition_failure,NF,False,,False,sequence_missing_or_empty,,completed,2026-05-29 21:33:14
38,CommenSence/select_nth_largest_poker/example85,C1_qwen_guided_condition_failure,NF,False,,False,sequence_missing_or_empty,,completed,2026-05-29 21:33:15
39,CommenSence/select_nth_largest_poker/example92,C1_qwen_guided_condition_failure,NF,False,,False,sequence_missing_or_empty,,completed,2026-05-29 21:33:15
40,CommenSence/select_nth_largest_poker/example95,C1_qwen_guided_condition_failure,NF,False,,False,sequence_missing_or_empty,,completed,2026-05-29 21:33:16
41,CommenSence/select_nth_largest_poker/example96,C1_qwen_guided_condition_failure,NF,False,,False,sequence_missing_or_empty,,completed,2026-05-29 21:33:17
42,CommenSence/select_toy_common_sense/example13,C1_qwen_guided_condition_failure,NF,True,,False,step0:unmapped_component:mermaid,pick>place,completed,2026-05-29 21:33:18
43,M&T/add_condiment/example54,C1_qwen_guided_condition_failure,NF,True,,True,,pick>pour,completed,2026-05-29 21:33:19
44,M&T/insert_flower/example1,C1_qwen_guided_condition_failure,NF,True,,True,,insert,completed,2026-05-29 21:33:20
45,M&T/insert_flower/example14,C1_qwen_guided_condition_failure,NF,True,,True,,insert,completed,2026-05-29 21:33:21
46,M&T/insert_flower/example24,C1_qwen_guided_condition_failure,NF,True,,True,,insert,completed,2026-05-29 21:33:22
47,M&T/insert_flower/example50,C1_qwen_guided_condition_failure,NF,True,,True,,pick>insert,completed,2026-05-29 21:33:23
48,M&T/insert_flower/example51,C1_qwen_guided_condition_failure,NF,True,,True,,pick>insert,completed,2026-05-29 21:33:25
49,M&T/insert_flower/example93,C1_qwen_guided_condition_failure,NF,True,,True,,insert,completed,2026-05-29 21:33:25
50,M&T/select_billiards/example1,C1_qwen_guided_condition_failure,NF,True,,True,,pick>insert,completed,2026-05-29 21:33:27
51,M&T/select_billiards/example15,C1_qwen_guided_condition_failure,NF,True,,False,step1:unmapped_component:hole,pick>insert,completed,2026-05-29 21:33:28
52,M&T/select_billiards/example17,C1_qwen_guided_condition_failure,NF,True,,False,step1:unmapped_component:hole_1,pick>insert,completed,2026-05-29 21:33:29
53,M&T/select_billiards/example18,C1_qwen_guided_condition_failure,NF,True,,False,step1:unmapped_component:hole,pick>insert,completed,2026-05-29 21:33:30
54,M&T/select_billiards/example2,C1_qwen_guided_condition_failure,NF,True,,False,step1:unmapped_component:hole,pick>insert,completed,2026-05-29 21:33:31
55,M&T/select_billiards/example22,C1_qwen_guided_condition_failure,NF,True,,False,step1:unmapped_component:hole,pick>insert,completed,2026-05-29 21:33:32
56,M&T/select_billiards/example26,C1_qwen_guided_condition_failure,NF,True,,False,step1:unmapped_component:hole,pick>insert,completed,2026-05-29 21:33:33
57,M&T/select_billiards/example3,C1_qwen_guided_condition_failure,NF,True,,False,step1:unmapped_component:hole,pick>insert,completed,2026-05-29 21:33:34
58,M&T/select_billiards/example31,C1_qwen_guided_condition_failure,NF,True,,False,step1:unmapped_component:hole_1,pick>insert,completed,2026-05-29 21:33:36
59,M&T/select_billiards/example35,C1_qwen_guided_condition_failure,NF,True,,False,step1:unmapped_component:hole,pick>insert,completed,2026-05-29 21:33:37
60,M&T/select_billiards/example36,C1_qwen_guided_condition_failure,NF,True,,False,step1:unmapped_component:hole,pick>insert,completed,2026-05-29 21:33:38
61,M&T/select_billiards/example39,C1_qwen_guided_condition_failure,NF,True,,True,,insert,completed,2026-05-29 21:33:39
62,M&T/select_billiards/example44,C1_qwen_guided_condition_failure,NF,True,,False,step1:unmapped_component:hole,pick>insert,completed,2026-05-29 21:33:40
63,M&T/select_billiards/example48,C1_qwen_guided_condition_failure,NF,True,,True,,pick>insert,completed,2026-05-29 21:33:41
64,M&T/select_billiards/example57,C1_qwen_guided_condition_failure,NF,True,,False,step1:unmapped_component:hole,pick>insert,completed,2026-05-29 21:33:42
65,M&T/select_billiards/example59,C1_qwen_guided_condition_failure,NF,True,,True,,insert,completed,2026-05-29 21:33:43
66,M&T/select_billiards/example71,C1_qwen_guided_condition_failure,NF,True,,False,step1:unmapped_component:hole,pick>insert,completed,2026-05-29 21:33:44
67,M&T/select_billiards/example73,C1_qwen_guided_condition_failure,NF,True,,True,,pick>insert,completed,2026-05-29 21:33:45
68,M&T/select_billiards/example78,C1_qwen_guided_condition_failure,NF,True,,False,step1:unmapped_component:hole,pick>insert,completed,2026-05-29 21:33:47
69,M&T/select_billiards/example83,C1_qwen_guided_condition_failure,NF,True,,True,,pick>insert,completed,2026-05-29 21:33:48
70,M&T/select_billiards/example90,C1_qwen_guided_condition_failure,NF,True,,False,step1:unmapped_component:hole,pick>insert,completed,2026-05-29 21:33:49
71,M&T/select_billiards/example91,C1_qwen_guided_condition_failure,NF,True,,False,step1:unmapped_component:hole,pick>insert,completed,2026-05-29 21:33:50
72,M&T/select_book/example45,C1_qwen_guided_condition_failure,NF,True,,True,,pick>place,completed,2026-05-29 21:33:51
73,M&T/select_book/example5,C1_qwen_guided_condition_failure,NF,True,,True,,pick>place,completed,2026-05-29 21:33:52
74,M&T/select_book/example79,C1_qwen_guided_condition_failure,NF,True,,True,,pick>place,completed,2026-05-29 21:33:54
75,M&T/select_book/example83,C1_qwen_guided_condition_failure,NF,True,,True,,pick>place,completed,2026-05-29 21:33:55
76,M&T/select_book/example90,C1_qwen_guided_condition_failure,NF,True,,True,,pick>place,completed,2026-05-29 21:33:56
77,M&T/select_book/example94,C1_qwen_guided_condition_failure,NF,True,,True,,pick>place,completed,2026-05-29 21:33:57
78,M&T/select_book/example96,C1_qwen_guided_condition_failure,NF,True,,False,step0:unmapped_component:fundamentals_of_molecular_biology,pick>place,completed,2026-05-29 21:33:58
79,M&T/select_chemistry_tube/example55,C1_qwen_guided_condition_failure,NF,False,,False,sequence_missing_or_empty,,completed,2026-05-29 21:33:59
80,M&T/select_chemistry_tube/example69,C1_qwen_guided_condition_failure,NF,True,,True,,pick>place,completed,2026-05-29 21:34:00
81,M&T/select_chemistry_tube/example75,C1_qwen_guided_condition_failure,NF,True,,True,,pick>place,completed,2026-05-29 21:34:01
82,M&T/select_chemistry_tube/example79,C1_qwen_guided_condition_failure,NF,False,,False,sequence_missing_or_empty,,completed,2026-05-29 21:34:02
83,M&T/select_drink/example39,C1_qwen_guided_condition_failure,NF,True,,True,,pull,completed,2026-05-29 21:34:03
84,M&T/select_drink/example52,C1_qwen_guided_condition_failure,NF,True,,True,,pick>place,completed,2026-05-29 21:34:04
85,M&T/select_drink/example8,C1_qwen_guided_condition_failure,NF,True,,True,,pick>place,completed,2026-05-29 21:34:05
86,M&T/select_fruit/example1,C1_qwen_guided_condition_failure,NF,True,,True,,pick>place,completed,2026-05-29 21:34:07
87,M&T/select_fruit/example2,C1_qwen_guided_condition_failure,NF,True,,True,,pick>place,completed,2026-05-29 21:34:08
88,M&T/select_fruit/example47,C1_qwen_guided_condition_failure,NF,True,,True,,pick>place,completed,2026-05-29 21:34:09
89,M&T/select_fruit/example50,C1_qwen_guided_condition_failure,NF,True,,True,,pick>place,completed,2026-05-29 21:34:10
90,M&T/select_fruit/example91,C1_qwen_guided_condition_failure,NF,True,,True,,pick>place,completed,2026-05-29 21:34:12
91,M&T/select_poker/example25,C1_qwen_guided_condition_failure,NF,False,,False,sequence_missing_or_empty,,completed,2026-05-29 21:34:13
92,M&T/select_poker/example36,C1_qwen_guided_condition_failure,NF,True,,True,,pick>place,completed,2026-05-29 21:34:14
93,M&T/select_poker/example78,C1_qwen_guided_condition_failure,NF,False,,False,sequence_missing_or_empty,,completed,2026-05-29 21:34:15
94,M&T/select_poker/example95,C1_qwen_guided_condition_failure,NF,False,,False,sequence_missing_or_empty,,completed,2026-05-29 21:34:16
95,Semantic/insert_flower_semantic/example70,C1_qwen_guided_condition_failure,NF,True,,True,,pick>place,completed,2026-05-29 21:34:17
96,Semantic/select_book_semantic/example14,C1_qwen_guided_condition_failure,NF,True,,True,,pick>place,completed,2026-05-29 21:34:18
97,Semantic/select_book_semantic/example30,C1_qwen_guided_condition_failure,NF,False,,False,sequence_missing_or_empty,,completed,2026-05-29 21:34:19
98,Semantic/select_book_semantic/example39,C1_qwen_guided_condition_failure,NF,True,,True,,pick>place,completed,2026-05-29 21:34:20
99,Semantic/select_book_semantic/example42,C1_qwen_guided_condition_failure,NF,False,,False,sequence_missing_or_empty,,completed,2026-05-29 21:34:21
100,Semantic/select_book_semantic/example53,C1_qwen_guided_condition_failure,NF,True,,True,,pick>place,completed,2026-05-29 21:34:22
101,Semantic/select_book_semantic/example62,C1_qwen_guided_condition_failure,NF,True,,True,,pick>place,completed,2026-05-29 21:34:23
102,Semantic/select_book_semantic/example67,C1_qwen_guided_condition_failure,NF,False,,False,sequence_missing_or_empty,,completed,2026-05-29 21:34:24
103,Semantic/select_book_semantic/example78,C1_qwen_guided_condition_failure,NF,False,,False,sequence_missing_or_empty,,completed,2026-05-29 21:34:25
104,Semantic/select_book_semantic/example83,C1_qwen_guided_condition_failure,NF,False,,False,sequence_missing_or_empty,,completed,2026-05-29 21:34:26
105,Semantic/select_book_semantic/example94,C1_qwen_guided_condition_failure,NF,False,,False,sequence_missing_or_empty,,completed,2026-05-29 21:34:27
106,Semantic/select_book_semantic/example96,C1_qwen_guided_condition_failure,NF,True,,True,,pick>place,completed,2026-05-29 21:34:28
107,Semantic/select_chemistry_tube_semantic/example5,C1_qwen_guided_condition_failure,NF,False,,False,sequence_missing_or_empty,,completed,2026-05-29 21:34:29
108,Semantic/select_chemistry_tube_semantic/example78,C1_qwen_guided_condition_failure,NF,False,,False,sequence_missing_or_empty,,completed,2026-05-29 21:34:30
109,Semantic/select_drink_semantic/example13,C1_qwen_guided_condition_failure,NF,False,,False,sequence_missing_or_empty,,completed,2026-05-29 21:34:30
110,Semantic/select_drink_semantic/example42,C1_qwen_guided_condition_failure,NF,False,,False,sequence_missing_or_empty,,completed,2026-05-29 21:34:31
111,Semantic/select_drink_semantic/example55,C1_qwen_guided_condition_failure,NF,False,,False,sequence_missing_or_empty,,completed,2026-05-29 21:34:32
112,Semantic/select_drink_semantic/example64,C1_qwen_guided_condition_failure,NF,False,,False,sequence_missing_or_empty,,completed,2026-05-29 21:34:33
113,Semantic/select_drink_semantic/example70,C1_qwen_guided_condition_failure,NF,False,,False,sequence_missing_or_empty,,completed,2026-05-29 21:34:33
114,Semantic/select_drink_semantic/example93,C1_qwen_guided_condition_failure,NF,True,,True,,pick>place,completed,2026-05-29 21:34:34
115,Semantic/select_drink_semantic/example95,C1_qwen_guided_condition_failure,NF,False,,False,sequence_missing_or_empty,,completed,2026-05-29 21:34:35
116,Semantic/select_fruit_semantic/example37,C1_qwen_guided_condition_failure,NF,False,,False,sequence_missing_or_empty,,completed,2026-05-29 21:34:36
117,Semantic/select_poker_semantic/example12,C1_qwen_guided_condition_failure,NF,False,,False,sequence_missing_or_empty,,completed,2026-05-29 21:34:37
118,Semantic/select_poker_semantic/example16,C1_qwen_guided_condition_failure,NF,True,,True,,pick>place,completed,2026-05-29 21:34:38
119,Semantic/select_poker_semantic/example18,C1_qwen_guided_condition_failure,NF,True,,True,,pick>place,completed,2026-05-29 21:34:39
120,Semantic/select_poker_semantic/example36,C1_qwen_guided_condition_failure,NF,True,,True,,pick>place,completed,2026-05-29 21:34:40
121,Semantic/select_poker_semantic/example46,C1_qwen_guided_condition_failure,NF,True,,True,,pick>place,completed,2026-05-29 21:34:41
122,Semantic/select_poker_semantic/example47,C1_qwen_guided_condition_failure,NF,False,,False,sequence_missing_or_empty,,completed,2026-05-29 21:34:42
123,Semantic/select_poker_semantic/example62,C1_qwen_guided_condition_failure,NF,True,,True,,pick>place,completed,2026-05-29 21:34:43
124,Semantic/select_poker_semantic/example65,C1_qwen_guided_condition_failure,NF,False,,False,sequence_missing_or_empty,,completed,2026-05-29 21:34:44
125,Semantic/select_poker_semantic/example70,C1_qwen_guided_condition_failure,NF,True,,True,,pick,completed,2026-05-29 21:34:45
126,Semantic/select_poker_semantic/example72,C1_qwen_guided_condition_failure,NF,False,,False,sequence_missing_or_empty,,completed,2026-05-29 21:34:46
127,Semantic/select_poker_semantic/example73,C1_qwen_guided_condition_failure,NF,True,,True,,pick>place,completed,2026-05-29 21:34:47
128,Semantic/select_poker_semantic/example82,C1_qwen_guided_condition_failure,NF,True,,True,,pick>place,completed,2026-05-29 21:34:48
129,Semantic/select_poker_semantic/example83,C1_qwen_guided_condition_failure,NF,False,,False,sequence_missing_or_empty,,completed,2026-05-29 21:34:49
130,Semantic/select_poker_semantic/example91,C1_qwen_guided_condition_failure,NF,True,,True,,pick>place,completed,2026-05-29 21:34:50
131,Semantic/select_poker_semantic/example92,C1_qwen_guided_condition_failure,NF,True,,True,,pick>place,completed,2026-05-29 21:34:51
132,Semantic/select_toy_semantic/example42,C1_qwen_guided_condition_failure,NF,False,,False,sequence_missing_or_empty,,completed,2026-05-29 21:34:52
133,Semantic/select_toy_semantic/example84,C1_qwen_guided_condition_failure,NF,False,,False,sequence_missing_or_empty,,completed,2026-05-29 21:34:53
134,Semantic/select_toy_semantic/example91,C1_qwen_guided_condition_failure,NF,False,,False,sequence_missing_or_empty,,completed,2026-05-29 21:34:53
135,Spatial/insert_bloom_flower/example29,C1_qwen_guided_condition_failure,NF,True,,True,,pick>insert,completed,2026-05-29 21:34:55
136,Spatial/insert_bloom_flower/example39,C1_qwen_guided_condition_failure,NF,True,,True,,insert,completed,2026-05-29 21:34:56
137,Spatial/insert_bloom_flower/example40,C1_qwen_guided_condition_failure,NF,True,,True,,insert,completed,2026-05-29 21:34:56
138,Spatial/insert_bloom_flower/example60,C1_qwen_guided_condition_failure,NF,True,,True,,pick>insert,completed,2026-05-29 21:34:58
139,Spatial/insert_bloom_flower/example68,C1_qwen_guided_condition_failure,NF,True,,True,,pick>insert,completed,2026-05-29 21:34:59
140,Spatial/select_billiards_spatial/example1,C1_qwen_guided_condition_failure,NF,True,,False,step1:unmapped_component:container_right_2,pick>place,completed,2026-05-29 21:35:00
141,Spatial/select_billiards_spatial/example28,C1_qwen_guided_condition_failure,NF,True,,False,step1:unmapped_component:container_right_2,pick>place,completed,2026-05-29 21:35:01
142,Spatial/select_billiards_spatial/example4,C1_qwen_guided_condition_failure,NF,True,,False,step1:unmapped_component:container_right_1,pick>place,completed,2026-05-29 21:35:02
143,Spatial/select_billiards_spatial/example44,C1_qwen_guided_condition_failure,NF,True,,False,step1:unmapped_component:container_right_1,pick>place,completed,2026-05-29 21:35:03
144,Spatial/select_billiards_spatial/example50,C1_qwen_guided_condition_failure,NF,True,,False,step1:unmapped_component:container_right_1,pick>place,completed,2026-05-29 21:35:04
145,Spatial/select_billiards_spatial/example85,C1_qwen_guided_condition_failure,NF,True,,False,step1:unmapped_component:container_right_1,pick>place,completed,2026-05-29 21:35:05
146,Spatial/select_billiards_spatial/example89,C1_qwen_guided_condition_failure,NF,True,,False,step1:unmapped_component:container_right_1,pick>place,completed,2026-05-29 21:35:07
147,Spatial/select_book_spatial/example0,C1_qwen_guided_condition_failure,NF,False,,False,sequence_missing_or_empty,,completed,2026-05-29 21:35:07
148,Spatial/select_book_spatial/example13,C1_qwen_guided_condition_failure,NF,True,,True,,pick,completed,2026-05-29 21:35:08
149,Spatial/select_book_spatial/example24,C1_qwen_guided_condition_failure,NF,True,,True,,pick>place,completed,2026-05-29 21:35:09
150,Spatial/select_book_spatial/example30,C1_qwen_guided_condition_failure,NF,False,,False,sequence_missing_or_empty,,completed,2026-05-29 21:35:10
151,Spatial/select_book_spatial/example33,C1_qwen_guided_condition_failure,NF,True,,True,,pick>place,completed,2026-05-29 21:35:11
152,Spatial/select_book_spatial/example34,C1_qwen_guided_condition_failure,NF,True,,True,,pick,completed,2026-05-29 21:35:12
153,Spatial/select_book_spatial/example47,C1_qwen_guided_condition_failure,NF,True,,True,,pick>place,completed,2026-05-29 21:35:14
154,Spatial/select_book_spatial/example59,C1_qwen_guided_condition_failure,NF,True,,True,,pick>place,completed,2026-05-29 21:35:15
155,Spatial/select_book_spatial/example61,C1_qwen_guided_condition_failure,NF,True,,True,,pick>place,completed,2026-05-29 21:35:16
156,Spatial/select_book_spatial/example72,C1_qwen_guided_condition_failure,NF,True,,True,,pick>place,completed,2026-05-29 21:35:17
157,Spatial/select_book_spatial/example8,C1_qwen_guided_condition_failure,NF,True,,True,,pick>place,completed,2026-05-29 21:35:18
158,Spatial/select_book_spatial/example81,C1_qwen_guided_condition_failure,NF,True,,True,,pick,completed,2026-05-29 21:35:19
159,Spatial/select_book_spatial/example85,C1_qwen_guided_condition_failure,NF,False,,False,sequence_missing_or_empty,,completed,2026-05-29 21:35:20
160,Spatial/select_book_spatial/example89,C1_qwen_guided_condition_failure,NF,True,,True,,pick>place,completed,2026-05-29 21:35:21
161,Spatial/select_chemistry_tube_spatial/example14,C1_qwen_guided_condition_failure,NF,True,,True,,pick>place,completed,2026-05-29 21:35:22
162,Spatial/select_chemistry_tube_spatial/example16,C1_qwen_guided_condition_failure,NF,True,,True,,pick>place,completed,2026-05-29 21:35:23
163,Spatial/select_chemistry_tube_spatial/example20,C1_qwen_guided_condition_failure,NF,False,,False,sequence_missing_or_empty,,completed,2026-05-29 21:35:24
164,Spatial/select_chemistry_tube_spatial/example24,C1_qwen_guided_condition_failure,NF,True,,True,,pick>place,completed,2026-05-29 21:35:25
165,Spatial/select_chemistry_tube_spatial/example26,C1_qwen_guided_condition_failure,NF,True,,True,,pick>place,completed,2026-05-29 21:35:27
166,Spatial/select_chemistry_tube_spatial/example29,C1_qwen_guided_condition_failure,NF,False,,False,sequence_missing_or_empty,,completed,2026-05-29 21:35:27
167,Spatial/select_chemistry_tube_spatial/example31,C1_qwen_guided_condition_failure,NF,False,,False,sequence_missing_or_empty,,completed,2026-05-29 21:35:28
168,Spatial/select_chemistry_tube_spatial/example33,C1_qwen_guided_condition_failure,NF,True,,True,,pick>place,completed,2026-05-29 21:35:30
169,Spatial/select_chemistry_tube_spatial/example35,C1_qwen_guided_condition_failure,NF,True,,True,,pick>place,completed,2026-05-29 21:35:31
170,Spatial/select_chemistry_tube_spatial/example38,C1_qwen_guided_condition_failure,NF,True,,True,,pick>place,completed,2026-05-29 21:35:32
171,Spatial/select_chemistry_tube_spatial/example45,C1_qwen_guided_condition_failure,NF,False,,False,sequence_missing_or_empty,,completed,2026-05-29 21:35:33
172,Spatial/select_chemistry_tube_spatial/example52,C1_qwen_guided_condition_failure,NF,True,,True,,pick>place,completed,2026-05-29 21:35:34
173,Spatial/select_chemistry_tube_spatial/example53,C1_qwen_guided_condition_failure,NF,True,,True,,pick>place,completed,2026-05-29 21:35:35
174,Spatial/select_chemistry_tube_spatial/example55,C1_qwen_guided_condition_failure,NF,True,,True,,pick>place,completed,2026-05-29 21:35:37
175,Spatial/select_chemistry_tube_spatial/example60,C1_qwen_guided_condition_failure,NF,True,,True,,pick>place,completed,2026-05-29 21:35:38
176,Spatial/select_chemistry_tube_spatial/example63,C1_qwen_guided_condition_failure,NF,True,,True,,pick>place,completed,2026-05-29 21:35:39
177,Spatial/select_chemistry_tube_spatial/example64,C1_qwen_guided_condition_failure,NF,True,,True,,pick>place,completed,2026-05-29 21:35:40
178,Spatial/select_chemistry_tube_spatial/example68,C1_qwen_guided_condition_failure,NF,False,,False,sequence_missing_or_empty,,completed,2026-05-29 21:35:41
179,Spatial/select_chemistry_tube_spatial/example70,C1_qwen_guided_condition_failure,NF,True,,True,,pick>place,completed,2026-05-29 21:35:43
180,Spatial/select_chemistry_tube_spatial/example79,C1_qwen_guided_condition_failure,NF,True,,True,,pick>place,completed,2026-05-29 21:35:44
181,Spatial/select_chemistry_tube_spatial/example80,C1_qwen_guided_condition_failure,NF,True,,True,,pick>place,completed,2026-05-29 21:35:45
182,Spatial/select_chemistry_tube_spatial/example82,C1_qwen_guided_condition_failure,NF,True,,True,,pick>place,completed,2026-05-29 21:35:46
183,Spatial/select_chemistry_tube_spatial/example94,C1_qwen_guided_condition_failure,NF,True,,True,,pick>place,completed,2026-05-29 21:35:47
184,Spatial/select_chemistry_tube_spatial/example97,C1_qwen_guided_condition_failure,NF,True,,True,,pick>place,completed,2026-05-29 21:35:49
185,Spatial/select_poker_spatial/example10,C1_qwen_guided_condition_failure,NF,True,,True,,pick>place,completed,2026-05-29 21:35:50
186,Spatial/select_poker_spatial/example18,C1_qwen_guided_condition_failure,NF,True,,True,,pick,completed,2026-05-29 21:35:51
187,Spatial/select_poker_spatial/example2,C1_qwen_guided_condition_failure,NF,False,,False,sequence_missing_or_empty,,completed,2026-05-29 21:35:52
188,Spatial/select_poker_spatial/example33,C1_qwen_guided_condition_failure,NF,True,,True,,pick,completed,2026-05-29 21:35:53
189,Spatial/select_poker_spatial/example40,C1_qwen_guided_condition_failure,NF,True,,True,,pick>place,completed,2026-05-29 21:35:54
190,Spatial/select_poker_spatial/example49,C1_qwen_guided_condition_failure,NF,True,,True,,pick>place,completed,2026-05-29 21:35:55
191,Spatial/select_poker_spatial/example66,C1_qwen_guided_condition_failure,NF,True,,True,,pick>place,completed,2026-05-29 21:35:56
192,Spatial/select_poker_spatial/example79,C1_qwen_guided_condition_failure,NF,True,,True,,pick>place,completed,2026-05-29 21:35:57
193,Spatial/select_poker_spatial/example8,C1_qwen_guided_condition_failure,NF,True,,True,,pick,completed,2026-05-29 21:35:58
194,Spatial/select_poker_spatial/example89,C1_qwen_guided_condition_failure,NF,True,,True,,pick,completed,2026-05-29 21:35:59
195,Spatial/select_poker_spatial/example93,C1_qwen_guided_condition_failure,NF,True,,True,,pick,completed,2026-05-29 21:36:00
196,Spatial/select_poker_spatial/example97,C1_qwen_guided_condition_failure,NF,True,,True,,pick>place,completed,2026-05-29 21:36:01
197,Spatial/select_poker_spatial/example98,C1_qwen_guided_condition_failure,NF,True,,True,,pick>place,completed,2026-05-29 21:36:03
198,Spatial/select_toy_spatial/example13,C1_qwen_guided_condition_failure,NF,True,,True,,pick>place,completed,2026-05-29 21:36:04
199,Spatial/select_toy_spatial/example14,C1_qwen_guided_condition_failure,NF,True,,True,,pick>place,completed,2026-05-29 21:36:05
200,Spatial/select_toy_spatial/example23,C1_qwen_guided_condition_failure,NF,True,,True,,pick>place,completed,2026-05-29 21:36:06
201,Spatial/select_toy_spatial/example3,C1_qwen_guided_condition_failure,NF,True,,True,,pick>place,completed,2026-05-29 21:36:07
202,Spatial/select_toy_spatial/example33,C1_qwen_guided_condition_failure,NF,False,,False,sequence_missing_or_empty,,completed,2026-05-29 21:36:08
203,Spatial/select_toy_spatial/example34,C1_qwen_guided_condition_failure,NF,True,,True,,pick>place,completed,2026-05-29 21:36:09
204,Spatial/select_toy_spatial/example35,C1_qwen_guided_condition_failure,NF,True,,True,,pick>place,completed,2026-05-29 21:36:10
205,Spatial/select_toy_spatial/example42,C1_qwen_guided_condition_failure,NF,False,,False,sequence_missing_or_empty,,completed,2026-05-29 21:36:11
206,Spatial/select_toy_spatial/example44,C1_qwen_guided_condition_failure,NF,True,,True,,pick>place,completed,2026-05-29 21:36:12
207,Spatial/select_toy_spatial/example51,C1_qwen_guided_condition_failure,NF,True,,True,,pick>place,completed,2026-05-29 21:36:13
208,Spatial/select_toy_spatial/example52,C1_qwen_guided_condition_failure,NF,False,,False,sequence_missing_or_empty,,completed,2026-05-29 21:36:14
209,Spatial/select_toy_spatial/example53,C1_qwen_guided_condition_failure,NF,True,,True,,pick>place,completed,2026-05-29 21:36:15
210,Spatial/select_toy_spatial/example55,C1_qwen_guided_condition_failure,NF,True,,True,,pick>place,completed,2026-05-29 21:36:16
211,Spatial/select_toy_spatial/example58,C1_qwen_guided_condition_failure,NF,True,,True,,pick>place,completed,2026-05-29 21:36:17
212,Spatial/select_toy_spatial/example61,C1_qwen_guided_condition_failure,NF,True,,False,step1:unmapped_component:nearest_giftbox_on_right,pick>place,completed,2026-05-29 21:36:19
213,Spatial/select_toy_spatial/example70,C1_qwen_guided_condition_failure,NF,True,,True,,pick>place,completed,2026-05-29 21:36:20
214,Spatial/select_toy_spatial/example72,C1_qwen_guided_condition_failure,NF,True,,True,,pick>place,completed,2026-05-29 21:36:21
215,Spatial/select_toy_spatial/example75,C1_qwen_guided_condition_failure,NF,True,,True,,pick>place,completed,2026-05-29 21:36:22
216,Spatial/select_toy_spatial/example78,C1_qwen_guided_condition_failure,NF,True,,False,step1:unmapped_component:nearest giftbox on the right,pick>place,completed,2026-05-29 21:36:23
217,Spatial/select_toy_spatial/example81,C1_qwen_guided_condition_failure,NF,True,,True,,pick>place,completed,2026-05-29 21:36:24
218,Spatial/select_toy_spatial/example85,C1_qwen_guided_condition_failure,NF,True,,True,,pick>place,completed,2026-05-29 21:36:26
219,Spatial/select_toy_spatial/example86,C1_qwen_guided_condition_failure,NF,True,,True,,pick>place,completed,2026-05-29 21:36:27
220,Spatial/select_toy_spatial/example98,C1_qwen_guided_condition_failure,NF,True,,True,,pick>place,completed,2026-05-29 21:36:28
221,CommenSence/select_billiards_common_sense/example24,C2_qwen_conversion_failure,NF,True,,False,step0:unmapped_component:ball_worth_5_score;step1:unmapped_component:hole,pick>place,completed,2026-05-29 21:36:29
222,CommenSence/select_billiards_common_sense/example60,C2_qwen_conversion_failure,NF,True,,False,step0:unmapped_component:ball_worth_5_score;step1:unmapped_component:hole,pick>place,completed,2026-05-29 21:36:30
223,CommenSence/select_nth_largest_poker/example3,C2_qwen_conversion_failure,NF,False,,False,sequence_missing_or_empty,,completed,2026-05-29 21:36:31
224,CommenSence/select_nth_largest_poker/example35,C2_qwen_conversion_failure,NF,False,,False,sequence_missing_or_empty,,completed,2026-05-29 21:36:32
225,CommenSence/select_nth_largest_poker/example77,C2_qwen_conversion_failure,NF,False,,False,sequence_missing_or_empty,,completed,2026-05-29 21:36:32
226,CommenSence/select_nth_largest_poker/example89,C2_qwen_conversion_failure,NF,False,,False,sequence_missing_or_empty,,completed,2026-05-29 21:36:33
227,M&T/select_billiards/example13,C2_qwen_conversion_failure,NF,True,,False,step1:unmapped_component:hole,pick>insert,completed,2026-05-29 21:36:34
228,M&T/select_billiards/example21,C2_qwen_conversion_failure,NF,False,,False,sequence_missing_or_empty,,completed,2026-05-29 21:36:35
229,M&T/select_billiards/example41,C2_qwen_conversion_failure,NF,False,,False,sequence_missing_or_empty,,completed,2026-05-29 21:36:36
230,M&T/select_billiards/example49,C2_qwen_conversion_failure,NF,True,,False,step1:unmapped_component:hole,pick>insert,completed,2026-05-29 21:36:37
231,M&T/select_billiards/example53,C2_qwen_conversion_failure,NF,False,,False,sequence_missing_or_empty,,completed,2026-05-29 21:36:38
232,M&T/select_billiards/example92,C2_qwen_conversion_failure,NF,True,,False,step1:unmapped_component:hole,pick>insert,completed,2026-05-29 21:36:39
233,M&T/select_poker/example10,C2_qwen_conversion_failure,NF,True,,True,,pick,completed,2026-05-29 21:36:40
234,M&T/select_poker/example11,C2_qwen_conversion_failure,NF,True,,True,,pick,completed,2026-05-29 21:36:41
235,M&T/select_poker/example13,C2_qwen_conversion_failure,NF,True,,True,,pick,completed,2026-05-29 21:36:41
236,M&T/select_poker/example15,C2_qwen_conversion_failure,NF,True,,True,,pick,completed,2026-05-29 21:36:42
237,M&T/select_poker/example18,C2_qwen_conversion_failure,NF,True,,True,,pick,completed,2026-05-29 21:36:43
238,M&T/select_poker/example27,C2_qwen_conversion_failure,NF,True,,True,,pick,completed,2026-05-29 21:36:44
239,M&T/select_poker/example31,C2_qwen_conversion_failure,NF,True,,True,,pick,completed,2026-05-29 21:36:45
240,M&T/select_poker/example42,C2_qwen_conversion_failure,NF,True,,True,,pick,completed,2026-05-29 21:36:46
241,M&T/select_poker/example46,C2_qwen_conversion_failure,NF,True,,True,,pick,completed,2026-05-29 21:36:47
242,M&T/select_poker/example50,C2_qwen_conversion_failure,NF,True,,True,,pick,completed,2026-05-29 21:36:48
243,M&T/select_poker/example51,C2_qwen_conversion_failure,NF,True,,True,,pick,completed,2026-05-29 21:36:49
244,M&T/select_poker/example61,C2_qwen_conversion_failure,NF,True,,True,,pick,completed,2026-05-29 21:36:50
245,M&T/select_poker/example67,C2_qwen_conversion_failure,NF,True,,True,,pick,completed,2026-05-29 21:36:51
246,M&T/select_poker/example75,C2_qwen_conversion_failure,NF,True,,True,,pick,completed,2026-05-29 21:36:52
247,M&T/select_poker/example76,C2_qwen_conversion_failure,NF,True,,True,,pick,completed,2026-05-29 21:36:52
248,M&T/select_poker/example81,C2_qwen_conversion_failure,NF,True,,True,,pick,completed,2026-05-29 21:36:53
249,M&T/select_poker/example86,C2_qwen_conversion_failure,NF,True,,True,,pick,completed,2026-05-29 21:36:54
250,M&T/select_poker/example89,C2_qwen_conversion_failure,NF,True,,True,,pick,completed,2026-05-29 21:36:55
251,M&T/select_poker/example90,C2_qwen_conversion_failure,NF,True,,True,,pick,completed,2026-05-29 21:36:56
252,M&T/select_poker/example91,C2_qwen_conversion_failure,NF,True,,True,,pick,completed,2026-05-29 21:36:57
253,M&T/select_poker/example92,C2_qwen_conversion_failure,NF,True,,True,,pick,completed,2026-05-29 21:36:58
254,M&T/select_poker/example93,C2_qwen_conversion_failure,NF,True,,True,,pick,completed,2026-05-29 21:36:59
255,M&T/select_poker/example96,C2_qwen_conversion_failure,NF,True,,True,,pick,completed,2026-05-29 21:37:00
256,PhysicsLaw/density_qa/example62,C2_qwen_conversion_failure,NF,False,,False,sequence_missing_or_empty,,completed,2026-05-29 21:37:00
257,PhysicsLaw/density_qa/example72,C2_qwen_conversion_failure,NF,False,,False,sequence_missing_or_empty,,completed,2026-05-29 21:37:01
258,PhysicsLaw/density_qa/example78,C2_qwen_conversion_failure,NF,False,,False,sequence_missing_or_empty,,completed,2026-05-29 21:37:02
259,PhysicsLaw/density_qa/example82,C2_qwen_conversion_failure,NF,False,,False,sequence_missing_or_empty,,completed,2026-05-29 21:37:03
260,PhysicsLaw/friction_qa/example56,C2_qwen_conversion_failure,NF,False,,False,sequence_missing_or_empty,,completed,2026-05-29 21:37:03
261,PhysicsLaw/friction_qa/example72,C2_qwen_conversion_failure,NF,False,,False,sequence_missing_or_empty,,completed,2026-05-29 21:37:04
262,PhysicsLaw/friction_qa/example77,C2_qwen_conversion_failure,NF,False,,False,sequence_missing_or_empty,,completed,2026-05-29 21:37:05
263,PhysicsLaw/speed_of_sound_qa/example51,C2_qwen_conversion_failure,NF,False,,False,sequence_missing_or_empty,,completed,2026-05-29 21:37:05
264,PhysicsLaw/speed_of_sound_qa/example80,C2_qwen_conversion_failure,NF,False,,False,sequence_missing_or_empty,,completed,2026-05-29 21:37:06
265,PhysicsLaw/speed_of_sound_qa/example86,C2_qwen_conversion_failure,NF,False,,False,sequence_missing_or_empty,,completed,2026-05-29 21:37:07
266,PhysicsLaw/speed_of_sound_qa/example91,C2_qwen_conversion_failure,NF,False,,False,sequence_missing_or_empty,,completed,2026-05-29 21:37:08
267,PhysicsLaw/speed_of_sound_qa/example99,C2_qwen_conversion_failure,NF,False,,False,sequence_missing_or_empty,,completed,2026-05-29 21:37:08
268,Semantic/select_book_semantic/example84,C2_qwen_conversion_failure,NF,False,,False,sequence_missing_or_empty,,completed,2026-05-29 21:37:09
269,Semantic/select_drink_semantic/example47,C2_qwen_conversion_failure,NF,False,,False,sequence_missing_or_empty,,completed,2026-05-29 21:37:10
270,Semantic/select_poker_semantic/example21,C2_qwen_conversion_failure,NF,False,,False,sequence_missing_or_empty,,completed,2026-05-29 21:37:11
271,Semantic/select_poker_semantic/example23,C2_qwen_conversion_failure,NF,False,,False,sequence_missing_or_empty,,completed,2026-05-29 21:37:11
272,Semantic/select_poker_semantic/example25,C2_qwen_conversion_failure,NF,False,,False,sequence_missing_or_empty,,completed,2026-05-29 21:37:12
273,Semantic/select_poker_semantic/example35,C2_qwen_conversion_failure,NF,False,,False,sequence_missing_or_empty,,completed,2026-05-29 21:37:13
274,Semantic/select_poker_semantic/example5,C2_qwen_conversion_failure,NF,False,,False,sequence_missing_or_empty,,completed,2026-05-29 21:37:13
275,Semantic/select_poker_semantic/example52,C2_qwen_conversion_failure,NF,False,,False,sequence_missing_or_empty,,completed,2026-05-29 21:37:14
276,Semantic/select_poker_semantic/example53,C2_qwen_conversion_failure,NF,False,,False,sequence_missing_or_empty,,completed,2026-05-29 21:37:15
277,Semantic/select_poker_semantic/example67,C2_qwen_conversion_failure,NF,False,,False,sequence_missing_or_empty,,completed,2026-05-29 21:37:16
278,Semantic/select_poker_semantic/example77,C2_qwen_conversion_failure,NF,False,,False,sequence_missing_or_empty,,completed,2026-05-29 21:37:16
279,Semantic/select_poker_semantic/example97,C2_qwen_conversion_failure,NF,False,,False,sequence_missing_or_empty,,completed,2026-05-29 21:37:17
280,Semantic/select_toy_semantic/example51,C2_qwen_conversion_failure,NF,False,,False,sequence_missing_or_empty,,completed,2026-05-29 21:37:18
281,M&T/select_billiards/example62,C3_entity_mapping_failure,NF,True,,False,step1:unmapped_component:hole,pick>insert,completed,2026-05-29 21:37:19
282,Spatial/select_billiards_spatial/example0,C3_entity_mapping_failure,NF,True,,False,step1:unmapped_component:container_right_1,pick>place,completed,2026-05-29 21:37:20
283,Spatial/select_billiards_spatial/example11,C3_entity_mapping_failure,NF,True,,False,step1:unmapped_component:container_right_2,pick>place,completed,2026-05-29 21:37:21
284,Spatial/select_billiards_spatial/example14,C3_entity_mapping_failure,NF,True,,False,step1:unmapped_component:container_right_1,pick>place,completed,2026-05-29 21:37:22
285,Spatial/select_billiards_spatial/example19,C3_entity_mapping_failure,NF,True,,False,step1:unmapped_component:container_right_2,pick>place,completed,2026-05-29 21:37:24
286,Spatial/select_billiards_spatial/example27,C3_entity_mapping_failure,NF,True,,False,step1:unmapped_component:container_right_2,pick>place,completed,2026-05-29 21:37:25
287,Spatial/select_billiards_spatial/example38,C3_entity_mapping_failure,NF,True,,False,step1:unmapped_component:container_right_2,pick>place,completed,2026-05-29 21:37:26
288,Spatial/select_billiards_spatial/example51,C3_entity_mapping_failure,NF,True,,False,step1:unmapped_component:container_right_1,pick>place,completed,2026-05-29 21:37:27
289,Spatial/select_billiards_spatial/example53,C3_entity_mapping_failure,NF,True,,False,step1:unmapped_component:container_right_1,pick>place,completed,2026-05-29 21:37:28
290,Spatial/select_billiards_spatial/example57,C3_entity_mapping_failure,NF,True,,False,step1:unmapped_component:container_right_2,pick>place,completed,2026-05-29 21:37:29
291,Spatial/select_billiards_spatial/example61,C3_entity_mapping_failure,NF,True,,False,step1:unmapped_component:container_right_1,pick>place,completed,2026-05-29 21:37:30
292,Spatial/select_billiards_spatial/example63,C3_entity_mapping_failure,NF,True,,False,step1:unmapped_component:container_right_1,pick>place,completed,2026-05-29 21:37:31
293,Spatial/select_billiards_spatial/example64,C3_entity_mapping_failure,NF,True,,False,step1:unmapped_component:container_right_2,pick>place,completed,2026-05-29 21:37:32
294,Spatial/select_billiards_spatial/example66,C3_entity_mapping_failure,NF,True,,False,step1:unmapped_component:container_right_2,pick>place,completed,2026-05-29 21:37:33
295,Spatial/select_billiards_spatial/example70,C3_entity_mapping_failure,NF,True,,False,step1:unmapped_component:container_right_2,pick>place,completed,2026-05-29 21:37:35
296,Spatial/select_billiards_spatial/example73,C3_entity_mapping_failure,NF,True,,False,step1:unmapped_component:container_right_1,pick>place,completed,2026-05-29 21:37:36
297,Spatial/select_billiards_spatial/example74,C3_entity_mapping_failure,NF,True,,False,step1:unmapped_component:container_right_1,pick>place,completed,2026-05-29 21:37:37
298,Spatial/select_billiards_spatial/example88,C3_entity_mapping_failure,NF,True,,False,step1:unmapped_component:container_right_2,pick>place,completed,2026-05-29 21:37:38
299,Spatial/select_billiards_spatial/example92,C3_entity_mapping_failure,NF,True,,False,step1:unmapped_component:container_right_2,pick>place,completed,2026-05-29 21:37:39
300,Semantic/select_poker_semantic/example49,C4_unsupported_qwen_skill,NF,True,,True,,push,completed,2026-05-29 21:37:40
