ablation_index,sample_id,track_c_status,SR_success,SR_status,NF_success,NF_status,R1_success,R1_status,R2_success,R2_status,R3_success,R3_status,R4_success,R4_status
1,CommenSence/insert_flower_common_sense/example19,C1_qwen_guided_condition_failure,False,C1_qwen_guided_condition_failure,False,C1_qwen_guided_condition_failure,False,C1_qwen_guided_condition_failure,False,C1_qwen_guided_condition_failure,False,C1_qwen_guided_condition_failure,False,C3_entity_mapping_failure
2,CommenSence/insert_flower_common_sense/example81,C1_qwen_guided_condition_failure,True,C0_qwen_guided_success,True,C0_qwen_guided_success,False,C1_qwen_guided_condition_failure,False,C1_qwen_guided_condition_failure,False,C1_qwen_guided_condition_failure,False,C1_qwen_guided_condition_failure
3,CommenSence/select_billiards_common_sense/example21,C1_qwen_guided_condition_failure,False,C1_qwen_guided_condition_failure,False,C1_qwen_guided_condition_failure,False,C1_qwen_guided_condition_failure,False,C1_qwen_guided_condition_failure,False,C3_entity_mapping_failure,True,C0_qwen_guided_success
4,CommenSence/select_billiards_common_sense/example30,C1_qwen_guided_condition_failure,False,C1_qwen_guided_condition_failure,False,C1_qwen_guided_condition_failure,True,C0_qwen_guided_success,False,C1_qwen_guided_condition_failure,True,C0_qwen_guided_success,True,C0_qwen_guided_success
5,CommenSence/select_billiards_common_sense/example47,C1_qwen_guided_condition_failure,False,C1_qwen_guided_condition_failure,True,C0_qwen_guided_success,True,C0_qwen_guided_success,False,C3_entity_mapping_failure,False,C3_entity_mapping_failure,True,C0_qwen_guided_success
6,CommenSence/select_billiards_common_sense/example6,C1_qwen_guided_condition_failure,False,C1_qwen_guided_condition_failure,False,C1_qwen_guided_condition_failure,True,C0_qwen_guided_success,False,C1_qwen_guided_condition_failure,False,C3_entity_mapping_failure,False,C1_qwen_guided_condition_failure
7,CommenSence/select_billiards_common_sense/example61,C1_qwen_guided_condition_failure,False,C1_qwen_guided_condition_failure,False,C1_qwen_guided_condition_failure,True,C0_qwen_guided_success,False,C1_qwen_guided_condition_failure,True,C0_qwen_guided_success,True,C0_qwen_guided_success
8,CommenSence/select_billiards_common_sense/example65,C1_qwen_guided_condition_failure,False,C1_qwen_guided_condition_failure,True,C0_qwen_guided_success,True,C0_qwen_guided_success,True,C0_qwen_guided_success,True,C0_qwen_guided_success,True,C0_qwen_guided_success
9,CommenSence/select_billiards_common_sense/example70,C1_qwen_guided_condition_failure,False,C1_qwen_guided_condition_failure,True,C0_qwen_guided_success,True,C0_qwen_guided_success,False,C1_qwen_guided_condition_failure,True,C0_qwen_guided_success,True,C0_qwen_guided_success
10,CommenSence/select_billiards_common_sense/example80,C1_qwen_guided_condition_failure,False,C1_qwen_guided_condition_failure,True,C0_qwen_guided_success,True,C0_qwen_guided_success,False,C1_qwen_guided_condition_failure,False,C1_qwen_guided_condition_failure,True,C0_qwen_guided_success
11,CommenSence/select_billiards_common_sense/example83,C1_qwen_guided_condition_failure,False,C1_qwen_guided_condition_failure,False,C1_qwen_guided_condition_failure,True,C0_qwen_guided_success,False,C1_qwen_guided_condition_failure,False,C3_entity_mapping_failure,True,C0_qwen_guided_success
12,CommenSence/select_billiards_common_sense/example84,C1_qwen_guided_condition_failure,False,C1_qwen_guided_condition_failure,False,C2_qwen_conversion_failure,False,C1_qwen_guided_condition_failure,False,C3_entity_mapping_failure,False,C3_entity_mapping_failure,False,C3_entity_mapping_failure
13,CommenSence/select_billiards_common_sense/example89,C1_qwen_guided_condition_failure,False,C1_qwen_guided_condition_failure,False,C1_qwen_guided_condition_failure,True,C0_qwen_guided_success,True,C0_qwen_guided_success,True,C0_qwen_guided_success,True,C0_qwen_guided_success
14,CommenSence/select_billiards_common_sense/example92,C1_qwen_guided_condition_failure,False,C1_qwen_guided_condition_failure,True,C0_qwen_guided_success,True,C0_qwen_guided_success,False,C1_qwen_guided_condition_failure,False,C1_qwen_guided_condition_failure,False,C1_qwen_guided_condition_failure
15,CommenSence/select_billiards_common_sense/example99,C1_qwen_guided_condition_failure,False,C1_qwen_guided_condition_failure,False,C1_qwen_guided_condition_failure,False,C1_qwen_guided_condition_failure,False,C3_entity_mapping_failure,False,C3_entity_mapping_failure,False,C3_entity_mapping_failure
16,CommenSence/select_chemistry_tube_common_sense/example82,C1_qwen_guided_condition_failure,False,C1_qwen_guided_condition_failure,False,C2_qwen_conversion_failure,False,C1_qwen_guided_condition_failure,False,C1_qwen_guided_condition_failure,False,C1_qwen_guided_condition_failure,False,C1_qwen_guided_condition_failure
17,CommenSence/select_drink_common_sense/example1,C1_qwen_guided_condition_failure,False,C1_qwen_guided_condition_failure,False,C2_qwen_conversion_failure,True,C0_qwen_guided_success,False,C3_entity_mapping_failure,False,C3_entity_mapping_failure,False,C3_entity_mapping_failure
18,CommenSence/select_drink_common_sense/example11,C1_qwen_guided_condition_failure,True,C0_qwen_guided_success,True,C0_qwen_guided_success,True,C0_qwen_guided_success,True,C0_qwen_guided_success,False,C3_entity_mapping_failure,True,C0_qwen_guided_success
19,CommenSence/select_drink_common_sense/example67,C1_qwen_guided_condition_failure,False,C1_qwen_guided_condition_failure,False,C2_qwen_conversion_failure,False,C1_qwen_guided_condition_failure,False,C1_qwen_guided_condition_failure,False,C3_entity_mapping_failure,False,C3_entity_mapping_failure
20,CommenSence/select_drink_common_sense/example95,C1_qwen_guided_condition_failure,False,C1_qwen_guided_condition_failure,False,C2_qwen_conversion_failure,False,C1_qwen_guided_condition_failure,False,C2_qwen_conversion_failure,False,C2_qwen_conversion_failure,False,C2_qwen_conversion_failure
21,CommenSence/select_drink_common_sense/example96,C1_qwen_guided_condition_failure,False,C1_qwen_guided_condition_failure,False,C2_qwen_conversion_failure,False,C1_qwen_guided_condition_failure,False,C3_entity_mapping_failure,False,C3_entity_mapping_failure,False,C3_entity_mapping_failure
22,CommenSence/select_fruit_common_sense/example3,C1_qwen_guided_condition_failure,False,C1_qwen_guided_condition_failure,False,C2_qwen_conversion_failure,False,C1_qwen_guided_condition_failure,False,C1_qwen_guided_condition_failure,False,C1_qwen_guided_condition_failure,False,C1_qwen_guided_condition_failure
23,CommenSence/select_fruit_common_sense/example30,C1_qwen_guided_condition_failure,False,C1_qwen_guided_condition_failure,False,C2_qwen_conversion_failure,False,C1_qwen_guided_condition_failure,False,C1_qwen_guided_condition_failure,True,C0_qwen_guided_success,False,C1_qwen_guided_condition_failure
24,CommenSence/select_fruit_common_sense/example32,C1_qwen_guided_condition_failure,False,C1_qwen_guided_condition_failure,False,C1_qwen_guided_condition_failure,False,C1_qwen_guided_condition_failure,False,C1_qwen_guided_condition_failure,False,C1_qwen_guided_condition_failure,False,C1_qwen_guided_condition_failure
25,CommenSence/select_fruit_common_sense/example93,C1_qwen_guided_condition_failure,False,C1_qwen_guided_condition_failure,False,C2_qwen_conversion_failure,False,C1_qwen_guided_condition_failure,False,C1_qwen_guided_condition_failure,False,C1_qwen_guided_condition_failure,False,C1_qwen_guided_condition_failure
26,CommenSence/select_nth_largest_poker/example16,C1_qwen_guided_condition_failure,False,C1_qwen_guided_condition_failure,False,C2_qwen_conversion_failure,False,C1_qwen_guided_condition_failure,False,C1_qwen_guided_condition_failure,True,C0_qwen_guided_success,True,C0_qwen_guided_success
27,CommenSence/select_nth_largest_poker/example22,C1_qwen_guided_condition_failure,False,C1_qwen_guided_condition_failure,False,C2_qwen_conversion_failure,False,C1_qwen_guided_condition_failure,False,C1_qwen_guided_condition_failure,False,C1_qwen_guided_condition_failure,False,C1_qwen_guided_condition_failure
28,CommenSence/select_nth_largest_poker/example24,C1_qwen_guided_condition_failure,False,C1_qwen_guided_condition_failure,False,C2_qwen_conversion_failure,False,C3_entity_mapping_failure,False,C2_qwen_conversion_failure,False,C3_entity_mapping_failure,False,C3_entity_mapping_failure
29,CommenSence/select_nth_largest_poker/example27,C1_qwen_guided_condition_failure,False,C1_qwen_guided_condition_failure,False,C2_qwen_conversion_failure,False,C1_qwen_guided_condition_failure,False,C2_qwen_conversion_failure,True,C0_qwen_guided_success,True,C0_qwen_guided_success
30,CommenSence/select_nth_largest_poker/example30,C1_qwen_guided_condition_failure,False,C1_qwen_guided_condition_failure,False,C2_qwen_conversion_failure,True,C0_qwen_guided_success,True,C0_qwen_guided_success,True,C0_qwen_guided_success,True,C0_qwen_guided_success
31,CommenSence/select_nth_largest_poker/example48,C1_qwen_guided_condition_failure,False,C1_qwen_guided_condition_failure,False,C2_qwen_conversion_failure,False,C1_qwen_guided_condition_failure,False,C2_qwen_conversion_failure,False,C1_qwen_guided_condition_failure,False,C2_qwen_conversion_failure
32,CommenSence/select_nth_largest_poker/example54,C1_qwen_guided_condition_failure,False,C1_qwen_guided_condition_failure,False,C2_qwen_conversion_failure,False,C1_qwen_guided_condition_failure,False,C1_qwen_guided_condition_failure,False,C1_qwen_guided_condition_failure,True,C0_qwen_guided_success
33,CommenSence/select_nth_largest_poker/example65,C1_qwen_guided_condition_failure,False,C1_qwen_guided_condition_failure,False,C2_qwen_conversion_failure,False,C1_qwen_guided_condition_failure,False,C1_qwen_guided_condition_failure,False,C1_qwen_guided_condition_failure,False,C1_qwen_guided_condition_failure
34,CommenSence/select_nth_largest_poker/example66,C1_qwen_guided_condition_failure,False,C1_qwen_guided_condition_failure,False,C2_qwen_conversion_failure,False,C1_qwen_guided_condition_failure,False,C1_qwen_guided_condition_failure,False,C1_qwen_guided_condition_failure,False,C1_qwen_guided_condition_failure
35,CommenSence/select_nth_largest_poker/example68,C1_qwen_guided_condition_failure,False,C1_qwen_guided_condition_failure,False,C2_qwen_conversion_failure,False,C1_qwen_guided_condition_failure,False,C1_qwen_guided_condition_failure,False,C1_qwen_guided_condition_failure,False,C1_qwen_guided_condition_failure
36,CommenSence/select_nth_largest_poker/example76,C1_qwen_guided_condition_failure,False,C1_qwen_guided_condition_failure,False,C2_qwen_conversion_failure,False,C3_entity_mapping_failure,False,C3_entity_mapping_failure,False,C3_entity_mapping_failure,False,C3_entity_mapping_failure
37,CommenSence/select_nth_largest_poker/example83,C1_qwen_guided_condition_failure,False,C1_qwen_guided_condition_failure,False,C2_qwen_conversion_failure,False,C1_qwen_guided_condition_failure,False,C2_qwen_conversion_failure,False,C3_entity_mapping_failure,False,C2_qwen_conversion_failure
38,CommenSence/select_nth_largest_poker/example85,C1_qwen_guided_condition_failure,False,C1_qwen_guided_condition_failure,False,C2_qwen_conversion_failure,False,C1_qwen_guided_condition_failure,False,C1_qwen_guided_condition_failure,True,C0_qwen_guided_success,False,C1_qwen_guided_condition_failure
39,CommenSence/select_nth_largest_poker/example92,C1_qwen_guided_condition_failure,False,C1_qwen_guided_condition_failure,False,C2_qwen_conversion_failure,False,C1_qwen_guided_condition_failure,False,C1_qwen_guided_condition_failure,False,C3_entity_mapping_failure,False,C3_entity_mapping_failure
40,CommenSence/select_nth_largest_poker/example95,C1_qwen_guided_condition_failure,False,C1_qwen_guided_condition_failure,False,C2_qwen_conversion_failure,False,C1_qwen_guided_condition_failure,False,C1_qwen_guided_condition_failure,False,C1_qwen_guided_condition_failure,False,C1_qwen_guided_condition_failure
41,CommenSence/select_nth_largest_poker/example96,C1_qwen_guided_condition_failure,False,C1_qwen_guided_condition_failure,False,C2_qwen_conversion_failure,False,C1_qwen_guided_condition_failure,False,C1_qwen_guided_condition_failure,False,C1_qwen_guided_condition_failure,True,C0_qwen_guided_success
42,CommenSence/select_toy_common_sense/example13,C1_qwen_guided_condition_failure,False,C1_qwen_guided_condition_failure,False,C3_entity_mapping_failure,False,C3_entity_mapping_failure,True,C0_qwen_guided_success,True,C0_qwen_guided_success,True,C0_qwen_guided_success
43,M&T/add_condiment/example54,C1_qwen_guided_condition_failure,False,C1_qwen_guided_condition_failure,False,C1_qwen_guided_condition_failure,False,C1_qwen_guided_condition_failure,False,C1_qwen_guided_condition_failure,False,C1_qwen_guided_condition_failure,False,C1_qwen_guided_condition_failure
44,M&T/insert_flower/example1,C1_qwen_guided_condition_failure,True,C0_qwen_guided_success,True,C0_qwen_guided_success,True,C0_qwen_guided_success,False,C1_qwen_guided_condition_failure,True,C0_qwen_guided_success,True,C0_qwen_guided_success
45,M&T/insert_flower/example14,C1_qwen_guided_condition_failure,True,C0_qwen_guided_success,True,C0_qwen_guided_success,True,C0_qwen_guided_success,False,C1_qwen_guided_condition_failure,False,C1_qwen_guided_condition_failure,False,C1_qwen_guided_condition_failure
46,M&T/insert_flower/example24,C1_qwen_guided_condition_failure,True,C0_qwen_guided_success,False,C1_qwen_guided_condition_failure,True,C0_qwen_guided_success,True,C0_qwen_guided_success,True,C0_qwen_guided_success,True,C0_qwen_guided_success
47,M&T/insert_flower/example50,C1_qwen_guided_condition_failure,False,C1_qwen_guided_condition_failure,False,C1_qwen_guided_condition_failure,False,C1_qwen_guided_condition_failure,False,C1_qwen_guided_condition_failure,False,C1_qwen_guided_condition_failure,True,C0_qwen_guided_success
48,M&T/insert_flower/example51,C1_qwen_guided_condition_failure,False,C1_qwen_guided_condition_failure,False,C1_qwen_guided_condition_failure,False,C1_qwen_guided_condition_failure,False,C1_qwen_guided_condition_failure,True,C0_qwen_guided_success,True,C0_qwen_guided_success
49,M&T/insert_flower/example93,C1_qwen_guided_condition_failure,False,C1_qwen_guided_condition_failure,True,C0_qwen_guided_success,True,C0_qwen_guided_success,True,C0_qwen_guided_success,False,C1_qwen_guided_condition_failure,True,C0_qwen_guided_success
50,M&T/select_billiards/example1,C1_qwen_guided_condition_failure,False,C1_qwen_guided_condition_failure,False,C1_qwen_guided_condition_failure,False,C1_qwen_guided_condition_failure,False,C1_qwen_guided_condition_failure,False,C3_entity_mapping_failure,False,C3_entity_mapping_failure
51,M&T/select_billiards/example15,C1_qwen_guided_condition_failure,False,C1_qwen_guided_condition_failure,False,C3_entity_mapping_failure,False,C3_entity_mapping_failure,False,C1_qwen_guided_condition_failure,True,C0_qwen_guided_success,True,C0_qwen_guided_success
52,M&T/select_billiards/example17,C1_qwen_guided_condition_failure,False,C1_qwen_guided_condition_failure,False,C3_entity_mapping_failure,False,C3_entity_mapping_failure,False,C3_entity_mapping_failure,True,C0_qwen_guided_success,True,C0_qwen_guided_success
53,M&T/select_billiards/example18,C1_qwen_guided_condition_failure,False,C1_qwen_guided_condition_failure,False,C3_entity_mapping_failure,False,C3_entity_mapping_failure,False,C1_qwen_guided_condition_failure,False,C3_entity_mapping_failure,False,C3_entity_mapping_failure
54,M&T/select_billiards/example2,C1_qwen_guided_condition_failure,False,C1_qwen_guided_condition_failure,False,C3_entity_mapping_failure,False,C3_entity_mapping_failure,False,C1_qwen_guided_condition_failure,False,C1_qwen_guided_condition_failure,False,C1_qwen_guided_condition_failure
55,M&T/select_billiards/example22,C1_qwen_guided_condition_failure,False,C1_qwen_guided_condition_failure,False,C3_entity_mapping_failure,False,C3_entity_mapping_failure,False,C1_qwen_guided_condition_failure,False,C3_entity_mapping_failure,True,C0_qwen_guided_success
56,M&T/select_billiards/example26,C1_qwen_guided_condition_failure,False,C1_qwen_guided_condition_failure,False,C3_entity_mapping_failure,False,C3_entity_mapping_failure,False,C3_entity_mapping_failure,True,C0_qwen_guided_success,True,C0_qwen_guided_success
57,M&T/select_billiards/example3,C1_qwen_guided_condition_failure,False,C1_qwen_guided_condition_failure,False,C3_entity_mapping_failure,False,C3_entity_mapping_failure,False,C3_entity_mapping_failure,True,C0_qwen_guided_success,True,C0_qwen_guided_success
58,M&T/select_billiards/example31,C1_qwen_guided_condition_failure,False,C1_qwen_guided_condition_failure,False,C3_entity_mapping_failure,False,C3_entity_mapping_failure,False,C3_entity_mapping_failure,True,C0_qwen_guided_success,True,C0_qwen_guided_success
59,M&T/select_billiards/example35,C1_qwen_guided_condition_failure,False,C1_qwen_guided_condition_failure,False,C3_entity_mapping_failure,False,C3_entity_mapping_failure,False,C1_qwen_guided_condition_failure,False,C3_entity_mapping_failure,False,C3_entity_mapping_failure
60,M&T/select_billiards/example36,C1_qwen_guided_condition_failure,False,C1_qwen_guided_condition_failure,False,C3_entity_mapping_failure,False,C3_entity_mapping_failure,False,C1_qwen_guided_condition_failure,False,C3_entity_mapping_failure,True,C0_qwen_guided_success
61,M&T/select_billiards/example39,C1_qwen_guided_condition_failure,False,C1_qwen_guided_condition_failure,False,C1_qwen_guided_condition_failure,False,C1_qwen_guided_condition_failure,False,C3_entity_mapping_failure,False,C3_entity_mapping_failure,False,C3_entity_mapping_failure
62,M&T/select_billiards/example44,C1_qwen_guided_condition_failure,False,C1_qwen_guided_condition_failure,False,C3_entity_mapping_failure,False,C3_entity_mapping_failure,False,C3_entity_mapping_failure,False,C3_entity_mapping_failure,False,C3_entity_mapping_failure
63,M&T/select_billiards/example48,C1_qwen_guided_condition_failure,False,C1_qwen_guided_condition_failure,False,C1_qwen_guided_condition_failure,False,C3_entity_mapping_failure,False,C1_qwen_guided_condition_failure,False,C3_entity_mapping_failure,True,C0_qwen_guided_success
64,M&T/select_billiards/example57,C1_qwen_guided_condition_failure,False,C1_qwen_guided_condition_failure,False,C3_entity_mapping_failure,False,C3_entity_mapping_failure,False,C3_entity_mapping_failure,False,C3_entity_mapping_failure,False,C3_entity_mapping_failure
65,M&T/select_billiards/example59,C1_qwen_guided_condition_failure,False,C1_qwen_guided_condition_failure,False,C1_qwen_guided_condition_failure,False,C1_qwen_guided_condition_failure,False,C1_qwen_guided_condition_failure,False,C3_entity_mapping_failure,False,C3_entity_mapping_failure
66,M&T/select_billiards/example71,C1_qwen_guided_condition_failure,False,C1_qwen_guided_condition_failure,False,C3_entity_mapping_failure,False,C3_entity_mapping_failure,False,C3_entity_mapping_failure,True,C0_qwen_guided_success,False,C3_entity_mapping_failure
67,M&T/select_billiards/example73,C1_qwen_guided_condition_failure,False,C1_qwen_guided_condition_failure,True,C0_qwen_guided_success,False,C3_entity_mapping_failure,False,C3_entity_mapping_failure,True,C0_qwen_guided_success,False,C3_entity_mapping_failure
68,M&T/select_billiards/example78,C1_qwen_guided_condition_failure,False,C1_qwen_guided_condition_failure,False,C3_entity_mapping_failure,False,C3_entity_mapping_failure,True,C0_qwen_guided_success,True,C0_qwen_guided_success,True,C0_qwen_guided_success
69,M&T/select_billiards/example83,C1_qwen_guided_condition_failure,False,C1_qwen_guided_condition_failure,False,C1_qwen_guided_condition_failure,False,C1_qwen_guided_condition_failure,False,C3_entity_mapping_failure,False,C3_entity_mapping_failure,False,C3_entity_mapping_failure
70,M&T/select_billiards/example90,C1_qwen_guided_condition_failure,False,C1_qwen_guided_condition_failure,False,C3_entity_mapping_failure,True,C0_qwen_guided_success,False,C3_entity_mapping_failure,False,C3_entity_mapping_failure,False,C1_qwen_guided_condition_failure
71,M&T/select_billiards/example91,C1_qwen_guided_condition_failure,False,C1_qwen_guided_condition_failure,False,C3_entity_mapping_failure,False,C3_entity_mapping_failure,False,C3_entity_mapping_failure,False,C3_entity_mapping_failure,False,C3_entity_mapping_failure
72,M&T/select_book/example45,C1_qwen_guided_condition_failure,False,C1_qwen_guided_condition_failure,True,C0_qwen_guided_success,True,C0_qwen_guided_success,True,C0_qwen_guided_success,True,C0_qwen_guided_success,True,C0_qwen_guided_success
73,M&T/select_book/example5,C1_qwen_guided_condition_failure,False,C1_qwen_guided_condition_failure,False,C1_qwen_guided_condition_failure,False,C1_qwen_guided_condition_failure,True,C0_qwen_guided_success,True,C0_qwen_guided_success,True,C0_qwen_guided_success
74,M&T/select_book/example79,C1_qwen_guided_condition_failure,True,C0_qwen_guided_success,True,C0_qwen_guided_success,True,C0_qwen_guided_success,True,C0_qwen_guided_success,True,C0_qwen_guided_success,True,C0_qwen_guided_success
75,M&T/select_book/example83,C1_qwen_guided_condition_failure,False,C1_qwen_guided_condition_failure,True,C0_qwen_guided_success,False,C1_qwen_guided_condition_failure,True,C0_qwen_guided_success,True,C0_qwen_guided_success,True,C0_qwen_guided_success
76,M&T/select_book/example90,C1_qwen_guided_condition_failure,False,C1_qwen_guided_condition_failure,False,C1_qwen_guided_condition_failure,False,C1_qwen_guided_condition_failure,False,C2_qwen_conversion_failure,True,C0_qwen_guided_success,True,C0_qwen_guided_success
77,M&T/select_book/example94,C1_qwen_guided_condition_failure,True,C0_qwen_guided_success,True,C0_qwen_guided_success,True,C0_qwen_guided_success,True,C0_qwen_guided_success,True,C0_qwen_guided_success,True,C0_qwen_guided_success
78,M&T/select_book/example96,C1_qwen_guided_condition_failure,False,C1_qwen_guided_condition_failure,False,C3_entity_mapping_failure,False,C3_entity_mapping_failure,False,C3_entity_mapping_failure,False,C3_entity_mapping_failure,False,C3_entity_mapping_failure
79,M&T/select_chemistry_tube/example55,C1_qwen_guided_condition_failure,False,C1_qwen_guided_condition_failure,False,C2_qwen_conversion_failure,True,C0_qwen_guided_success,True,C0_qwen_guided_success,True,C0_qwen_guided_success,True,C0_qwen_guided_success
80,M&T/select_chemistry_tube/example69,C1_qwen_guided_condition_failure,False,C1_qwen_guided_condition_failure,False,C1_qwen_guided_condition_failure,False,C1_qwen_guided_condition_failure,False,C1_qwen_guided_condition_failure,False,C3_entity_mapping_failure,False,C1_qwen_guided_condition_failure
81,M&T/select_chemistry_tube/example75,C1_qwen_guided_condition_failure,False,C1_qwen_guided_condition_failure,True,C0_qwen_guided_success,False,C1_qwen_guided_condition_failure,False,C1_qwen_guided_condition_failure,True,C0_qwen_guided_success,True,C0_qwen_guided_success
82,M&T/select_chemistry_tube/example79,C1_qwen_guided_condition_failure,False,C1_qwen_guided_condition_failure,False,C2_qwen_conversion_failure,False,C3_entity_mapping_failure,False,C1_qwen_guided_condition_failure,False,C1_qwen_guided_condition_failure,False,C1_qwen_guided_condition_failure
83,M&T/select_drink/example39,C1_qwen_guided_condition_failure,False,C1_qwen_guided_condition_failure,True,C0_qwen_guided_success,True,C0_qwen_guided_success,True,C0_qwen_guided_success,True,C0_qwen_guided_success,True,C0_qwen_guided_success
84,M&T/select_drink/example52,C1_qwen_guided_condition_failure,False,C1_qwen_guided_condition_failure,False,C1_qwen_guided_condition_failure,False,C1_qwen_guided_condition_failure,False,C1_qwen_guided_condition_failure,True,C0_qwen_guided_success,True,C0_qwen_guided_success
85,M&T/select_drink/example8,C1_qwen_guided_condition_failure,False,C1_qwen_guided_condition_failure,False,C1_qwen_guided_condition_failure,True,C0_qwen_guided_success,False,C1_qwen_guided_condition_failure,False,C3_entity_mapping_failure,True,C0_qwen_guided_success
86,M&T/select_fruit/example1,C1_qwen_guided_condition_failure,False,C1_qwen_guided_condition_failure,False,C1_qwen_guided_condition_failure,False,C1_qwen_guided_condition_failure,False,C1_qwen_guided_condition_failure,False,C1_qwen_guided_condition_failure,False,C1_qwen_guided_condition_failure
87,M&T/select_fruit/example2,C1_qwen_guided_condition_failure,False,C1_qwen_guided_condition_failure,False,C1_qwen_guided_condition_failure,False,C1_qwen_guided_condition_failure,True,C0_qwen_guided_success,True,C0_qwen_guided_success,True,C0_qwen_guided_success
88,M&T/select_fruit/example47,C1_qwen_guided_condition_failure,False,C1_qwen_guided_condition_failure,False,C1_qwen_guided_condition_failure,True,C0_qwen_guided_success,True,C0_qwen_guided_success,True,C0_qwen_guided_success,True,C0_qwen_guided_success
89,M&T/select_fruit/example50,C1_qwen_guided_condition_failure,False,C1_qwen_guided_condition_failure,False,C1_qwen_guided_condition_failure,False,C1_qwen_guided_condition_failure,False,C1_qwen_guided_condition_failure,True,C0_qwen_guided_success,True,C0_qwen_guided_success
90,M&T/select_fruit/example91,C1_qwen_guided_condition_failure,False,C1_qwen_guided_condition_failure,False,C1_qwen_guided_condition_failure,False,C1_qwen_guided_condition_failure,True,C0_qwen_guided_success,True,C0_qwen_guided_success,True,C0_qwen_guided_success
91,M&T/select_poker/example25,C1_qwen_guided_condition_failure,False,C1_qwen_guided_condition_failure,False,C2_qwen_conversion_failure,True,C0_qwen_guided_success,True,C0_qwen_guided_success,True,C0_qwen_guided_success,True,C0_qwen_guided_success
92,M&T/select_poker/example36,C1_qwen_guided_condition_failure,False,C1_qwen_guided_condition_failure,False,C1_qwen_guided_condition_failure,False,C1_qwen_guided_condition_failure,True,C0_qwen_guided_success,True,C0_qwen_guided_success,True,C0_qwen_guided_success
93,M&T/select_poker/example78,C1_qwen_guided_condition_failure,False,C1_qwen_guided_condition_failure,False,C2_qwen_conversion_failure,False,C1_qwen_guided_condition_failure,True,C0_qwen_guided_success,True,C0_qwen_guided_success,True,C0_qwen_guided_success
94,M&T/select_poker/example95,C1_qwen_guided_condition_failure,False,C1_qwen_guided_condition_failure,False,C2_qwen_conversion_failure,True,C0_qwen_guided_success,True,C0_qwen_guided_success,True,C0_qwen_guided_success,True,C0_qwen_guided_success
95,Semantic/insert_flower_semantic/example70,C1_qwen_guided_condition_failure,True,C0_qwen_guided_success,True,C0_qwen_guided_success,True,C0_qwen_guided_success,True,C0_qwen_guided_success,True,C0_qwen_guided_success,True,C0_qwen_guided_success
96,Semantic/select_book_semantic/example14,C1_qwen_guided_condition_failure,False,C1_qwen_guided_condition_failure,False,C1_qwen_guided_condition_failure,False,C1_qwen_guided_condition_failure,False,C3_entity_mapping_failure,False,C3_entity_mapping_failure,False,C3_entity_mapping_failure
97,Semantic/select_book_semantic/example30,C1_qwen_guided_condition_failure,False,C1_qwen_guided_condition_failure,False,C2_qwen_conversion_failure,False,C1_qwen_guided_condition_failure,True,C0_qwen_guided_success,True,C0_qwen_guided_success,False,C1_qwen_guided_condition_failure
98,Semantic/select_book_semantic/example39,C1_qwen_guided_condition_failure,False,C1_qwen_guided_condition_failure,True,C0_qwen_guided_success,True,C0_qwen_guided_success,True,C0_qwen_guided_success,True,C0_qwen_guided_success,True,C0_qwen_guided_success
99,Semantic/select_book_semantic/example42,C1_qwen_guided_condition_failure,False,C1_qwen_guided_condition_failure,False,C2_qwen_conversion_failure,False,C2_qwen_conversion_failure,True,C0_qwen_guided_success,True,C0_qwen_guided_success,True,C0_qwen_guided_success
100,Semantic/select_book_semantic/example53,C1_qwen_guided_condition_failure,True,C0_qwen_guided_success,False,C1_qwen_guided_condition_failure,True,C0_qwen_guided_success,False,C1_qwen_guided_condition_failure,True,C0_qwen_guided_success,True,C0_qwen_guided_success
101,Semantic/select_book_semantic/example62,C1_qwen_guided_condition_failure,True,C0_qwen_guided_success,True,C0_qwen_guided_success,True,C0_qwen_guided_success,False,C1_qwen_guided_condition_failure,True,C0_qwen_guided_success,False,C1_qwen_guided_condition_failure
102,Semantic/select_book_semantic/example67,C1_qwen_guided_condition_failure,False,C1_qwen_guided_condition_failure,False,C2_qwen_conversion_failure,False,C2_qwen_conversion_failure,True,C0_qwen_guided_success,False,C3_entity_mapping_failure,False,C3_entity_mapping_failure
103,Semantic/select_book_semantic/example78,C1_qwen_guided_condition_failure,False,C1_qwen_guided_condition_failure,False,C2_qwen_conversion_failure,False,C1_qwen_guided_condition_failure,True,C0_qwen_guided_success,True,C0_qwen_guided_success,True,C0_qwen_guided_success
104,Semantic/select_book_semantic/example83,C1_qwen_guided_condition_failure,False,C1_qwen_guided_condition_failure,False,C2_qwen_conversion_failure,False,C3_entity_mapping_failure,False,C3_entity_mapping_failure,True,C0_qwen_guided_success,False,C3_entity_mapping_failure
105,Semantic/select_book_semantic/example94,C1_qwen_guided_condition_failure,False,C1_qwen_guided_condition_failure,False,C2_qwen_conversion_failure,False,C2_qwen_conversion_failure,False,C1_qwen_guided_condition_failure,True,C0_qwen_guided_success,False,C1_qwen_guided_condition_failure
106,Semantic/select_book_semantic/example96,C1_qwen_guided_condition_failure,False,C1_qwen_guided_condition_failure,False,C1_qwen_guided_condition_failure,False,C1_qwen_guided_condition_failure,False,C3_entity_mapping_failure,False,C3_entity_mapping_failure,False,C3_entity_mapping_failure
107,Semantic/select_chemistry_tube_semantic/example5,C1_qwen_guided_condition_failure,False,C1_qwen_guided_condition_failure,False,C2_qwen_conversion_failure,True,C0_qwen_guided_success,True,C0_qwen_guided_success,True,C0_qwen_guided_success,True,C0_qwen_guided_success
108,Semantic/select_chemistry_tube_semantic/example78,C1_qwen_guided_condition_failure,False,C1_qwen_guided_condition_failure,False,C2_qwen_conversion_failure,True,C0_qwen_guided_success,True,C0_qwen_guided_success,True,C0_qwen_guided_success,True,C0_qwen_guided_success
109,Semantic/select_drink_semantic/example13,C1_qwen_guided_condition_failure,False,C1_qwen_guided_condition_failure,False,C2_qwen_conversion_failure,False,C1_qwen_guided_condition_failure,False,C3_entity_mapping_failure,False,C3_entity_mapping_failure,False,C3_entity_mapping_failure
110,Semantic/select_drink_semantic/example42,C1_qwen_guided_condition_failure,True,C0_qwen_guided_success,False,C2_qwen_conversion_failure,True,C0_qwen_guided_success,False,C1_qwen_guided_condition_failure,False,C3_entity_mapping_failure,False,C3_entity_mapping_failure
111,Semantic/select_drink_semantic/example55,C1_qwen_guided_condition_failure,False,C1_qwen_guided_condition_failure,False,C2_qwen_conversion_failure,False,C1_qwen_guided_condition_failure,False,C1_qwen_guided_condition_failure,False,C1_qwen_guided_condition_failure,False,C1_qwen_guided_condition_failure
112,Semantic/select_drink_semantic/example64,C1_qwen_guided_condition_failure,False,C1_qwen_guided_condition_failure,False,C2_qwen_conversion_failure,False,C1_qwen_guided_condition_failure,False,C3_entity_mapping_failure,False,C3_entity_mapping_failure,False,C3_entity_mapping_failure
113,Semantic/select_drink_semantic/example70,C1_qwen_guided_condition_failure,False,C1_qwen_guided_condition_failure,False,C2_qwen_conversion_failure,False,C2_qwen_conversion_failure,False,C1_qwen_guided_condition_failure,False,C3_entity_mapping_failure,False,C1_qwen_guided_condition_failure
114,Semantic/select_drink_semantic/example93,C1_qwen_guided_condition_failure,False,C1_qwen_guided_condition_failure,False,C1_qwen_guided_condition_failure,False,C1_qwen_guided_condition_failure,False,C1_qwen_guided_condition_failure,True,C0_qwen_guided_success,False,C1_qwen_guided_condition_failure
115,Semantic/select_drink_semantic/example95,C1_qwen_guided_condition_failure,False,C1_qwen_guided_condition_failure,False,C2_qwen_conversion_failure,False,C1_qwen_guided_condition_failure,False,C3_entity_mapping_failure,False,C3_entity_mapping_failure,False,C3_entity_mapping_failure
116,Semantic/select_fruit_semantic/example37,C1_qwen_guided_condition_failure,False,C1_qwen_guided_condition_failure,False,C2_qwen_conversion_failure,False,C1_qwen_guided_condition_failure,True,C0_qwen_guided_success,True,C0_qwen_guided_success,True,C0_qwen_guided_success
117,Semantic/select_poker_semantic/example12,C1_qwen_guided_condition_failure,False,C1_qwen_guided_condition_failure,False,C2_qwen_conversion_failure,True,C0_qwen_guided_success,True,C0_qwen_guided_success,True,C0_qwen_guided_success,True,C0_qwen_guided_success
118,Semantic/select_poker_semantic/example16,C1_qwen_guided_condition_failure,False,C1_qwen_guided_condition_failure,False,C1_qwen_guided_condition_failure,False,C1_qwen_guided_condition_failure,True,C0_qwen_guided_success,True,C0_qwen_guided_success,True,C0_qwen_guided_success
119,Semantic/select_poker_semantic/example18,C1_qwen_guided_condition_failure,False,C1_qwen_guided_condition_failure,True,C0_qwen_guided_success,True,C0_qwen_guided_success,True,C0_qwen_guided_success,True,C0_qwen_guided_success,True,C0_qwen_guided_success
120,Semantic/select_poker_semantic/example36,C1_qwen_guided_condition_failure,False,C1_qwen_guided_condition_failure,True,C0_qwen_guided_success,True,C0_qwen_guided_success,True,C0_qwen_guided_success,True,C0_qwen_guided_success,True,C0_qwen_guided_success
121,Semantic/select_poker_semantic/example46,C1_qwen_guided_condition_failure,False,C1_qwen_guided_condition_failure,False,C1_qwen_guided_condition_failure,False,C1_qwen_guided_condition_failure,False,C1_qwen_guided_condition_failure,False,C1_qwen_guided_condition_failure,False,C1_qwen_guided_condition_failure
122,Semantic/select_poker_semantic/example47,C1_qwen_guided_condition_failure,False,C1_qwen_guided_condition_failure,False,C2_qwen_conversion_failure,True,C0_qwen_guided_success,False,C2_qwen_conversion_failure,True,C0_qwen_guided_success,True,C0_qwen_guided_success
123,Semantic/select_poker_semantic/example62,C1_qwen_guided_condition_failure,False,C1_qwen_guided_condition_failure,True,C0_qwen_guided_success,False,C3_entity_mapping_failure,False,C3_entity_mapping_failure,False,C3_entity_mapping_failure,False,C3_entity_mapping_failure
124,Semantic/select_poker_semantic/example65,C1_qwen_guided_condition_failure,False,C1_qwen_guided_condition_failure,False,C2_qwen_conversion_failure,False,C2_qwen_conversion_failure,False,C2_qwen_conversion_failure,False,C2_qwen_conversion_failure,False,C2_qwen_conversion_failure
125,Semantic/select_poker_semantic/example70,C1_qwen_guided_condition_failure,False,C1_qwen_guided_condition_failure,False,C1_qwen_guided_condition_failure,False,C1_qwen_guided_condition_failure,False,C1_qwen_guided_condition_failure,True,C0_qwen_guided_success,True,C0_qwen_guided_success
126,Semantic/select_poker_semantic/example72,C1_qwen_guided_condition_failure,False,C1_qwen_guided_condition_failure,False,C2_qwen_conversion_failure,False,C1_qwen_guided_condition_failure,False,C2_qwen_conversion_failure,True,C0_qwen_guided_success,True,C0_qwen_guided_success
127,Semantic/select_poker_semantic/example73,C1_qwen_guided_condition_failure,False,C1_qwen_guided_condition_failure,False,C1_qwen_guided_condition_failure,False,C1_qwen_guided_condition_failure,False,C1_qwen_guided_condition_failure,False,C3_entity_mapping_failure,False,C1_qwen_guided_condition_failure
128,Semantic/select_poker_semantic/example82,C1_qwen_guided_condition_failure,False,C1_qwen_guided_condition_failure,False,C1_qwen_guided_condition_failure,False,C1_qwen_guided_condition_failure,True,C0_qwen_guided_success,True,C0_qwen_guided_success,True,C0_qwen_guided_success
129,Semantic/select_poker_semantic/example83,C1_qwen_guided_condition_failure,False,C1_qwen_guided_condition_failure,False,C2_qwen_conversion_failure,False,C2_qwen_conversion_failure,True,C0_qwen_guided_success,True,C0_qwen_guided_success,True,C0_qwen_guided_success
130,Semantic/select_poker_semantic/example91,C1_qwen_guided_condition_failure,False,C1_qwen_guided_condition_failure,False,C1_qwen_guided_condition_failure,False,C1_qwen_guided_condition_failure,False,C1_qwen_guided_condition_failure,True,C0_qwen_guided_success,True,C0_qwen_guided_success
131,Semantic/select_poker_semantic/example92,C1_qwen_guided_condition_failure,False,C1_qwen_guided_condition_failure,False,C1_qwen_guided_condition_failure,True,C0_qwen_guided_success,False,C1_qwen_guided_condition_failure,True,C0_qwen_guided_success,True,C0_qwen_guided_success
132,Semantic/select_toy_semantic/example42,C1_qwen_guided_condition_failure,True,C0_qwen_guided_success,False,C2_qwen_conversion_failure,False,C2_qwen_conversion_failure,True,C0_qwen_guided_success,True,C0_qwen_guided_success,True,C0_qwen_guided_success
133,Semantic/select_toy_semantic/example84,C1_qwen_guided_condition_failure,True,C0_qwen_guided_success,False,C2_qwen_conversion_failure,False,C2_qwen_conversion_failure,True,C0_qwen_guided_success,False,C3_entity_mapping_failure,False,C1_qwen_guided_condition_failure
134,Semantic/select_toy_semantic/example91,C1_qwen_guided_condition_failure,False,C1_qwen_guided_condition_failure,False,C2_qwen_conversion_failure,False,C2_qwen_conversion_failure,False,C1_qwen_guided_condition_failure,False,C1_qwen_guided_condition_failure,False,C1_qwen_guided_condition_failure
135,Spatial/insert_bloom_flower/example29,C1_qwen_guided_condition_failure,False,C1_qwen_guided_condition_failure,False,C1_qwen_guided_condition_failure,True,C0_qwen_guided_success,False,C1_qwen_guided_condition_failure,True,C0_qwen_guided_success,True,C0_qwen_guided_success
136,Spatial/insert_bloom_flower/example39,C1_qwen_guided_condition_failure,False,C1_qwen_guided_condition_failure,True,C0_qwen_guided_success,True,C0_qwen_guided_success,False,C1_qwen_guided_condition_failure,True,C0_qwen_guided_success,True,C0_qwen_guided_success
137,Spatial/insert_bloom_flower/example40,C1_qwen_guided_condition_failure,False,C1_qwen_guided_condition_failure,False,C1_qwen_guided_condition_failure,False,C1_qwen_guided_condition_failure,False,C1_qwen_guided_condition_failure,True,C0_qwen_guided_success,False,C1_qwen_guided_condition_failure
138,Spatial/insert_bloom_flower/example60,C1_qwen_guided_condition_failure,False,C1_qwen_guided_condition_failure,False,C1_qwen_guided_condition_failure,True,C0_qwen_guided_success,False,C1_qwen_guided_condition_failure,True,C0_qwen_guided_success,True,C0_qwen_guided_success
139,Spatial/insert_bloom_flower/example68,C1_qwen_guided_condition_failure,False,C1_qwen_guided_condition_failure,False,C1_qwen_guided_condition_failure,False,C1_qwen_guided_condition_failure,False,C1_qwen_guided_condition_failure,False,C1_qwen_guided_condition_failure,True,C0_qwen_guided_success
140,Spatial/select_billiards_spatial/example1,C1_qwen_guided_condition_failure,False,C1_qwen_guided_condition_failure,False,C3_entity_mapping_failure,False,C3_entity_mapping_failure,False,C3_entity_mapping_failure,False,C3_entity_mapping_failure,False,C3_entity_mapping_failure
141,Spatial/select_billiards_spatial/example28,C1_qwen_guided_condition_failure,False,C1_qwen_guided_condition_failure,False,C3_entity_mapping_failure,False,C3_entity_mapping_failure,False,C3_entity_mapping_failure,False,C3_entity_mapping_failure,False,C3_entity_mapping_failure
142,Spatial/select_billiards_spatial/example4,C1_qwen_guided_condition_failure,False,C1_qwen_guided_condition_failure,False,C3_entity_mapping_failure,False,C3_entity_mapping_failure,False,C3_entity_mapping_failure,False,C3_entity_mapping_failure,False,C3_entity_mapping_failure
143,Spatial/select_billiards_spatial/example44,C1_qwen_guided_condition_failure,False,C1_qwen_guided_condition_failure,False,C3_entity_mapping_failure,False,C3_entity_mapping_failure,False,C3_entity_mapping_failure,False,C3_entity_mapping_failure,False,C3_entity_mapping_failure
144,Spatial/select_billiards_spatial/example50,C1_qwen_guided_condition_failure,False,C1_qwen_guided_condition_failure,False,C3_entity_mapping_failure,False,C3_entity_mapping_failure,False,C3_entity_mapping_failure,False,C3_entity_mapping_failure,False,C3_entity_mapping_failure
145,Spatial/select_billiards_spatial/example85,C1_qwen_guided_condition_failure,False,C1_qwen_guided_condition_failure,False,C3_entity_mapping_failure,False,C3_entity_mapping_failure,False,C3_entity_mapping_failure,False,C3_entity_mapping_failure,False,C3_entity_mapping_failure
146,Spatial/select_billiards_spatial/example89,C1_qwen_guided_condition_failure,False,C1_qwen_guided_condition_failure,False,C3_entity_mapping_failure,False,C3_entity_mapping_failure,False,C3_entity_mapping_failure,False,C3_entity_mapping_failure,False,C3_entity_mapping_failure
147,Spatial/select_book_spatial/example0,C1_qwen_guided_condition_failure,False,C1_qwen_guided_condition_failure,False,C2_qwen_conversion_failure,False,C1_qwen_guided_condition_failure,False,C1_qwen_guided_condition_failure,False,C1_qwen_guided_condition_failure,False,C1_qwen_guided_condition_failure
148,Spatial/select_book_spatial/example13,C1_qwen_guided_condition_failure,False,C1_qwen_guided_condition_failure,False,C1_qwen_guided_condition_failure,True,C0_qwen_guided_success,False,C1_qwen_guided_condition_failure,True,C0_qwen_guided_success,True,C0_qwen_guided_success
149,Spatial/select_book_spatial/example24,C1_qwen_guided_condition_failure,False,C1_qwen_guided_condition_failure,False,C1_qwen_guided_condition_failure,True,C0_qwen_guided_success,False,C1_qwen_guided_condition_failure,True,C0_qwen_guided_success,True,C0_qwen_guided_success
150,Spatial/select_book_spatial/example30,C1_qwen_guided_condition_failure,False,C1_qwen_guided_condition_failure,False,C2_qwen_conversion_failure,False,C1_qwen_guided_condition_failure,False,C1_qwen_guided_condition_failure,False,C1_qwen_guided_condition_failure,False,C1_qwen_guided_condition_failure
151,Spatial/select_book_spatial/example33,C1_qwen_guided_condition_failure,False,C1_qwen_guided_condition_failure,False,C1_qwen_guided_condition_failure,False,C1_qwen_guided_condition_failure,False,C1_qwen_guided_condition_failure,False,C1_qwen_guided_condition_failure,False,C1_qwen_guided_condition_failure
152,Spatial/select_book_spatial/example34,C1_qwen_guided_condition_failure,False,C1_qwen_guided_condition_failure,False,C1_qwen_guided_condition_failure,False,C1_qwen_guided_condition_failure,False,C1_qwen_guided_condition_failure,False,C1_qwen_guided_condition_failure,False,C1_qwen_guided_condition_failure
153,Spatial/select_book_spatial/example47,C1_qwen_guided_condition_failure,False,C1_qwen_guided_condition_failure,False,C1_qwen_guided_condition_failure,False,C1_qwen_guided_condition_failure,False,C1_qwen_guided_condition_failure,True,C0_qwen_guided_success,True,C0_qwen_guided_success
154,Spatial/select_book_spatial/example59,C1_qwen_guided_condition_failure,False,C1_qwen_guided_condition_failure,False,C1_qwen_guided_condition_failure,False,C1_qwen_guided_condition_failure,False,C1_qwen_guided_condition_failure,False,C3_entity_mapping_failure,False,C1_qwen_guided_condition_failure
155,Spatial/select_book_spatial/example61,C1_qwen_guided_condition_failure,False,C1_qwen_guided_condition_failure,False,C1_qwen_guided_condition_failure,False,C1_qwen_guided_condition_failure,False,C1_qwen_guided_condition_failure,False,C1_qwen_guided_condition_failure,False,C1_qwen_guided_condition_failure
156,Spatial/select_book_spatial/example72,C1_qwen_guided_condition_failure,False,C1_qwen_guided_condition_failure,False,C1_qwen_guided_condition_failure,False,C1_qwen_guided_condition_failure,False,C1_qwen_guided_condition_failure,True,C0_qwen_guided_success,False,C1_qwen_guided_condition_failure
157,Spatial/select_book_spatial/example8,C1_qwen_guided_condition_failure,False,C1_qwen_guided_condition_failure,False,C1_qwen_guided_condition_failure,False,C1_qwen_guided_condition_failure,False,C1_qwen_guided_condition_failure,False,C1_qwen_guided_condition_failure,False,C1_qwen_guided_condition_failure
158,Spatial/select_book_spatial/example81,C1_qwen_guided_condition_failure,False,C1_qwen_guided_condition_failure,False,C1_qwen_guided_condition_failure,True,C0_qwen_guided_success,False,C1_qwen_guided_condition_failure,False,C1_qwen_guided_condition_failure,False,C1_qwen_guided_condition_failure
159,Spatial/select_book_spatial/example85,C1_qwen_guided_condition_failure,False,C1_qwen_guided_condition_failure,False,C2_qwen_conversion_failure,False,C1_qwen_guided_condition_failure,False,C1_qwen_guided_condition_failure,False,C3_entity_mapping_failure,False,C3_entity_mapping_failure
160,Spatial/select_book_spatial/example89,C1_qwen_guided_condition_failure,False,C1_qwen_guided_condition_failure,False,C1_qwen_guided_condition_failure,False,C1_qwen_guided_condition_failure,False,C1_qwen_guided_condition_failure,False,C1_qwen_guided_condition_failure,False,C1_qwen_guided_condition_failure
161,Spatial/select_chemistry_tube_spatial/example14,C1_qwen_guided_condition_failure,False,C1_qwen_guided_condition_failure,False,C1_qwen_guided_condition_failure,False,C1_qwen_guided_condition_failure,False,C1_qwen_guided_condition_failure,False,C1_qwen_guided_condition_failure,False,C1_qwen_guided_condition_failure
162,Spatial/select_chemistry_tube_spatial/example16,C1_qwen_guided_condition_failure,False,C1_qwen_guided_condition_failure,False,C1_qwen_guided_condition_failure,False,C1_qwen_guided_condition_failure,False,C1_qwen_guided_condition_failure,False,C1_qwen_guided_condition_failure,False,C1_qwen_guided_condition_failure
163,Spatial/select_chemistry_tube_spatial/example20,C1_qwen_guided_condition_failure,False,C1_qwen_guided_condition_failure,False,C2_qwen_conversion_failure,False,C1_qwen_guided_condition_failure,False,C1_qwen_guided_condition_failure,False,C2_qwen_conversion_failure,False,C2_qwen_conversion_failure
164,Spatial/select_chemistry_tube_spatial/example24,C1_qwen_guided_condition_failure,False,C1_qwen_guided_condition_failure,False,C1_qwen_guided_condition_failure,False,C1_qwen_guided_condition_failure,False,C1_qwen_guided_condition_failure,False,C1_qwen_guided_condition_failure,False,C1_qwen_guided_condition_failure
165,Spatial/select_chemistry_tube_spatial/example26,C1_qwen_guided_condition_failure,False,C1_qwen_guided_condition_failure,False,C1_qwen_guided_condition_failure,False,C1_qwen_guided_condition_failure,False,C1_qwen_guided_condition_failure,False,C3_entity_mapping_failure,False,C1_qwen_guided_condition_failure
166,Spatial/select_chemistry_tube_spatial/example29,C1_qwen_guided_condition_failure,False,C1_qwen_guided_condition_failure,False,C2_qwen_conversion_failure,False,C1_qwen_guided_condition_failure,False,C1_qwen_guided_condition_failure,False,C1_qwen_guided_condition_failure,False,C1_qwen_guided_condition_failure
167,Spatial/select_chemistry_tube_spatial/example31,C1_qwen_guided_condition_failure,False,C1_qwen_guided_condition_failure,False,C2_qwen_conversion_failure,False,C1_qwen_guided_condition_failure,False,C1_qwen_guided_condition_failure,False,C3_entity_mapping_failure,False,C1_qwen_guided_condition_failure
168,Spatial/select_chemistry_tube_spatial/example33,C1_qwen_guided_condition_failure,False,C1_qwen_guided_condition_failure,False,C1_qwen_guided_condition_failure,False,C1_qwen_guided_condition_failure,False,C1_qwen_guided_condition_failure,False,C1_qwen_guided_condition_failure,False,C1_qwen_guided_condition_failure
169,Spatial/select_chemistry_tube_spatial/example35,C1_qwen_guided_condition_failure,False,C1_qwen_guided_condition_failure,False,C1_qwen_guided_condition_failure,False,C1_qwen_guided_condition_failure,False,C1_qwen_guided_condition_failure,True,C0_qwen_guided_success,False,C1_qwen_guided_condition_failure
170,Spatial/select_chemistry_tube_spatial/example38,C1_qwen_guided_condition_failure,False,C1_qwen_guided_condition_failure,False,C1_qwen_guided_condition_failure,False,C1_qwen_guided_condition_failure,False,C1_qwen_guided_condition_failure,False,C1_qwen_guided_condition_failure,False,C1_qwen_guided_condition_failure
171,Spatial/select_chemistry_tube_spatial/example45,C1_qwen_guided_condition_failure,False,C1_qwen_guided_condition_failure,False,C2_qwen_conversion_failure,False,C1_qwen_guided_condition_failure,False,C1_qwen_guided_condition_failure,False,C2_qwen_conversion_failure,False,C3_entity_mapping_failure
172,Spatial/select_chemistry_tube_spatial/example52,C1_qwen_guided_condition_failure,False,C1_qwen_guided_condition_failure,False,C1_qwen_guided_condition_failure,False,C1_qwen_guided_condition_failure,False,C1_qwen_guided_condition_failure,False,C1_qwen_guided_condition_failure,False,C1_qwen_guided_condition_failure
173,Spatial/select_chemistry_tube_spatial/example53,C1_qwen_guided_condition_failure,False,C1_qwen_guided_condition_failure,False,C1_qwen_guided_condition_failure,False,C1_qwen_guided_condition_failure,False,C1_qwen_guided_condition_failure,False,C1_qwen_guided_condition_failure,False,C1_qwen_guided_condition_failure
174,Spatial/select_chemistry_tube_spatial/example55,C1_qwen_guided_condition_failure,False,C1_qwen_guided_condition_failure,False,C1_qwen_guided_condition_failure,False,C1_qwen_guided_condition_failure,False,C1_qwen_guided_condition_failure,False,C1_qwen_guided_condition_failure,False,C1_qwen_guided_condition_failure
175,Spatial/select_chemistry_tube_spatial/example60,C1_qwen_guided_condition_failure,False,C1_qwen_guided_condition_failure,False,C1_qwen_guided_condition_failure,False,C1_qwen_guided_condition_failure,False,C1_qwen_guided_condition_failure,False,C1_qwen_guided_condition_failure,False,C1_qwen_guided_condition_failure
176,Spatial/select_chemistry_tube_spatial/example63,C1_qwen_guided_condition_failure,True,C0_qwen_guided_success,True,C0_qwen_guided_success,False,C1_qwen_guided_condition_failure,False,C1_qwen_guided_condition_failure,False,C1_qwen_guided_condition_failure,False,C1_qwen_guided_condition_failure
177,Spatial/select_chemistry_tube_spatial/example64,C1_qwen_guided_condition_failure,False,C1_qwen_guided_condition_failure,False,C1_qwen_guided_condition_failure,False,C1_qwen_guided_condition_failure,False,C1_qwen_guided_condition_failure,False,C1_qwen_guided_condition_failure,False,C1_qwen_guided_condition_failure
178,Spatial/select_chemistry_tube_spatial/example68,C1_qwen_guided_condition_failure,False,C1_qwen_guided_condition_failure,False,C2_qwen_conversion_failure,False,C1_qwen_guided_condition_failure,False,C1_qwen_guided_condition_failure,False,C2_qwen_conversion_failure,False,C3_entity_mapping_failure
179,Spatial/select_chemistry_tube_spatial/example70,C1_qwen_guided_condition_failure,False,C1_qwen_guided_condition_failure,False,C1_qwen_guided_condition_failure,False,C1_qwen_guided_condition_failure,False,C1_qwen_guided_condition_failure,False,C1_qwen_guided_condition_failure,False,C1_qwen_guided_condition_failure
180,Spatial/select_chemistry_tube_spatial/example79,C1_qwen_guided_condition_failure,False,C1_qwen_guided_condition_failure,False,C1_qwen_guided_condition_failure,False,C1_qwen_guided_condition_failure,False,C1_qwen_guided_condition_failure,False,C1_qwen_guided_condition_failure,False,C1_qwen_guided_condition_failure
181,Spatial/select_chemistry_tube_spatial/example80,C1_qwen_guided_condition_failure,False,C1_qwen_guided_condition_failure,False,C1_qwen_guided_condition_failure,False,C1_qwen_guided_condition_failure,False,C1_qwen_guided_condition_failure,False,C1_qwen_guided_condition_failure,False,C1_qwen_guided_condition_failure
182,Spatial/select_chemistry_tube_spatial/example82,C1_qwen_guided_condition_failure,False,C1_qwen_guided_condition_failure,False,C1_qwen_guided_condition_failure,False,C1_qwen_guided_condition_failure,False,C1_qwen_guided_condition_failure,False,C1_qwen_guided_condition_failure,False,C1_qwen_guided_condition_failure
183,Spatial/select_chemistry_tube_spatial/example94,C1_qwen_guided_condition_failure,False,C1_qwen_guided_condition_failure,False,C1_qwen_guided_condition_failure,False,C1_qwen_guided_condition_failure,False,C1_qwen_guided_condition_failure,False,C1_qwen_guided_condition_failure,False,C1_qwen_guided_condition_failure
184,Spatial/select_chemistry_tube_spatial/example97,C1_qwen_guided_condition_failure,False,C1_qwen_guided_condition_failure,False,C1_qwen_guided_condition_failure,False,C1_qwen_guided_condition_failure,False,C1_qwen_guided_condition_failure,False,C1_qwen_guided_condition_failure,False,C1_qwen_guided_condition_failure
185,Spatial/select_poker_spatial/example10,C1_qwen_guided_condition_failure,False,C1_qwen_guided_condition_failure,False,C1_qwen_guided_condition_failure,False,C1_qwen_guided_condition_failure,False,C1_qwen_guided_condition_failure,False,C1_qwen_guided_condition_failure,False,C1_qwen_guided_condition_failure
186,Spatial/select_poker_spatial/example18,C1_qwen_guided_condition_failure,False,C1_qwen_guided_condition_failure,False,C1_qwen_guided_condition_failure,True,C0_qwen_guided_success,False,C1_qwen_guided_condition_failure,False,C3_entity_mapping_failure,False,C3_entity_mapping_failure
187,Spatial/select_poker_spatial/example2,C1_qwen_guided_condition_failure,False,C1_qwen_guided_condition_failure,False,C2_qwen_conversion_failure,True,C0_qwen_guided_success,False,C1_qwen_guided_condition_failure,False,C1_qwen_guided_condition_failure,False,C1_qwen_guided_condition_failure
188,Spatial/select_poker_spatial/example33,C1_qwen_guided_condition_failure,False,C1_qwen_guided_condition_failure,False,C1_qwen_guided_condition_failure,False,C1_qwen_guided_condition_failure,False,C1_qwen_guided_condition_failure,False,C1_qwen_guided_condition_failure,False,C1_qwen_guided_condition_failure
189,Spatial/select_poker_spatial/example40,C1_qwen_guided_condition_failure,False,C1_qwen_guided_condition_failure,True,C0_qwen_guided_success,True,C0_qwen_guided_success,False,C1_qwen_guided_condition_failure,True,C0_qwen_guided_success,False,C3_entity_mapping_failure
190,Spatial/select_poker_spatial/example49,C1_qwen_guided_condition_failure,False,C1_qwen_guided_condition_failure,False,C1_qwen_guided_condition_failure,False,C1_qwen_guided_condition_failure,False,C1_qwen_guided_condition_failure,False,C1_qwen_guided_condition_failure,False,C1_qwen_guided_condition_failure
191,Spatial/select_poker_spatial/example66,C1_qwen_guided_condition_failure,False,C1_qwen_guided_condition_failure,False,C1_qwen_guided_condition_failure,True,C0_qwen_guided_success,False,C3_entity_mapping_failure,False,C3_entity_mapping_failure,False,C3_entity_mapping_failure
192,Spatial/select_poker_spatial/example79,C1_qwen_guided_condition_failure,False,C1_qwen_guided_condition_failure,False,C1_qwen_guided_condition_failure,False,C1_qwen_guided_condition_failure,False,C1_qwen_guided_condition_failure,True,C0_qwen_guided_success,False,C1_qwen_guided_condition_failure
193,Spatial/select_poker_spatial/example8,C1_qwen_guided_condition_failure,False,C1_qwen_guided_condition_failure,False,C1_qwen_guided_condition_failure,False,C1_qwen_guided_condition_failure,False,C1_qwen_guided_condition_failure,False,C1_qwen_guided_condition_failure,False,C1_qwen_guided_condition_failure
194,Spatial/select_poker_spatial/example89,C1_qwen_guided_condition_failure,False,C1_qwen_guided_condition_failure,False,C1_qwen_guided_condition_failure,False,C1_qwen_guided_condition_failure,False,C1_qwen_guided_condition_failure,False,C1_qwen_guided_condition_failure,False,C1_qwen_guided_condition_failure
195,Spatial/select_poker_spatial/example93,C1_qwen_guided_condition_failure,False,C1_qwen_guided_condition_failure,False,C1_qwen_guided_condition_failure,False,C1_qwen_guided_condition_failure,False,C1_qwen_guided_condition_failure,False,C1_qwen_guided_condition_failure,False,C1_qwen_guided_condition_failure
196,Spatial/select_poker_spatial/example97,C1_qwen_guided_condition_failure,False,C1_qwen_guided_condition_failure,False,C1_qwen_guided_condition_failure,False,C1_qwen_guided_condition_failure,False,C1_qwen_guided_condition_failure,False,C1_qwen_guided_condition_failure,False,C1_qwen_guided_condition_failure
197,Spatial/select_poker_spatial/example98,C1_qwen_guided_condition_failure,False,C1_qwen_guided_condition_failure,False,C1_qwen_guided_condition_failure,False,C1_qwen_guided_condition_failure,False,C1_qwen_guided_condition_failure,True,C0_qwen_guided_success,False,C1_qwen_guided_condition_failure
198,Spatial/select_toy_spatial/example13,C1_qwen_guided_condition_failure,False,C1_qwen_guided_condition_failure,False,C1_qwen_guided_condition_failure,False,C1_qwen_guided_condition_failure,False,C3_entity_mapping_failure,False,C3_entity_mapping_failure,False,C3_entity_mapping_failure
199,Spatial/select_toy_spatial/example14,C1_qwen_guided_condition_failure,False,C1_qwen_guided_condition_failure,False,C1_qwen_guided_condition_failure,False,C1_qwen_guided_condition_failure,False,C3_entity_mapping_failure,False,C3_entity_mapping_failure,False,C3_entity_mapping_failure
200,Spatial/select_toy_spatial/example23,C1_qwen_guided_condition_failure,False,C1_qwen_guided_condition_failure,False,C1_qwen_guided_condition_failure,False,C1_qwen_guided_condition_failure,False,C3_entity_mapping_failure,False,C3_entity_mapping_failure,False,C3_entity_mapping_failure
201,Spatial/select_toy_spatial/example3,C1_qwen_guided_condition_failure,False,C1_qwen_guided_condition_failure,False,C1_qwen_guided_condition_failure,False,C3_entity_mapping_failure,False,C3_entity_mapping_failure,False,C3_entity_mapping_failure,False,C3_entity_mapping_failure
202,Spatial/select_toy_spatial/example33,C1_qwen_guided_condition_failure,False,C1_qwen_guided_condition_failure,False,C2_qwen_conversion_failure,False,C3_entity_mapping_failure,False,C3_entity_mapping_failure,False,C3_entity_mapping_failure,False,C3_entity_mapping_failure
203,Spatial/select_toy_spatial/example34,C1_qwen_guided_condition_failure,False,C1_qwen_guided_condition_failure,False,C1_qwen_guided_condition_failure,False,C3_entity_mapping_failure,False,C3_entity_mapping_failure,False,C3_entity_mapping_failure,False,C3_entity_mapping_failure
204,Spatial/select_toy_spatial/example35,C1_qwen_guided_condition_failure,False,C1_qwen_guided_condition_failure,False,C1_qwen_guided_condition_failure,False,C1_qwen_guided_condition_failure,False,C3_entity_mapping_failure,False,C3_entity_mapping_failure,False,C3_entity_mapping_failure
205,Spatial/select_toy_spatial/example42,C1_qwen_guided_condition_failure,False,C1_qwen_guided_condition_failure,False,C2_qwen_conversion_failure,False,C3_entity_mapping_failure,False,C3_entity_mapping_failure,False,C3_entity_mapping_failure,False,C3_entity_mapping_failure
206,Spatial/select_toy_spatial/example44,C1_qwen_guided_condition_failure,False,C1_qwen_guided_condition_failure,False,C1_qwen_guided_condition_failure,False,C3_entity_mapping_failure,False,C3_entity_mapping_failure,False,C3_entity_mapping_failure,False,C3_entity_mapping_failure
207,Spatial/select_toy_spatial/example51,C1_qwen_guided_condition_failure,False,C1_qwen_guided_condition_failure,False,C1_qwen_guided_condition_failure,False,C3_entity_mapping_failure,False,C3_entity_mapping_failure,False,C3_entity_mapping_failure,False,C3_entity_mapping_failure
208,Spatial/select_toy_spatial/example52,C1_qwen_guided_condition_failure,False,C1_qwen_guided_condition_failure,False,C2_qwen_conversion_failure,False,C3_entity_mapping_failure,False,C3_entity_mapping_failure,False,C3_entity_mapping_failure,False,C3_entity_mapping_failure
209,Spatial/select_toy_spatial/example53,C1_qwen_guided_condition_failure,False,C1_qwen_guided_condition_failure,True,C0_qwen_guided_success,True,C0_qwen_guided_success,False,C3_entity_mapping_failure,True,C0_qwen_guided_success,False,C3_entity_mapping_failure
210,Spatial/select_toy_spatial/example55,C1_qwen_guided_condition_failure,False,C1_qwen_guided_condition_failure,False,C1_qwen_guided_condition_failure,False,C3_entity_mapping_failure,False,C3_entity_mapping_failure,False,C3_entity_mapping_failure,False,C3_entity_mapping_failure
211,Spatial/select_toy_spatial/example58,C1_qwen_guided_condition_failure,False,C1_qwen_guided_condition_failure,False,C1_qwen_guided_condition_failure,False,C1_qwen_guided_condition_failure,False,C3_entity_mapping_failure,False,C3_entity_mapping_failure,False,C3_entity_mapping_failure
212,Spatial/select_toy_spatial/example61,C1_qwen_guided_condition_failure,False,C1_qwen_guided_condition_failure,False,C3_entity_mapping_failure,False,C3_entity_mapping_failure,False,C1_qwen_guided_condition_failure,True,C0_qwen_guided_success,False,C3_entity_mapping_failure
213,Spatial/select_toy_spatial/example70,C1_qwen_guided_condition_failure,False,C1_qwen_guided_condition_failure,False,C1_qwen_guided_condition_failure,False,C3_entity_mapping_failure,False,C3_entity_mapping_failure,True,C0_qwen_guided_success,False,C3_entity_mapping_failure
214,Spatial/select_toy_spatial/example72,C1_qwen_guided_condition_failure,False,C1_qwen_guided_condition_failure,False,C1_qwen_guided_condition_failure,False,C1_qwen_guided_condition_failure,False,C1_qwen_guided_condition_failure,False,C3_entity_mapping_failure,False,C1_qwen_guided_condition_failure
215,Spatial/select_toy_spatial/example75,C1_qwen_guided_condition_failure,False,C1_qwen_guided_condition_failure,False,C1_qwen_guided_condition_failure,False,C1_qwen_guided_condition_failure,False,C3_entity_mapping_failure,False,C3_entity_mapping_failure,False,C3_entity_mapping_failure
216,Spatial/select_toy_spatial/example78,C1_qwen_guided_condition_failure,False,C1_qwen_guided_condition_failure,False,C3_entity_mapping_failure,False,C3_entity_mapping_failure,False,C3_entity_mapping_failure,False,C3_entity_mapping_failure,False,C3_entity_mapping_failure
217,Spatial/select_toy_spatial/example81,C1_qwen_guided_condition_failure,False,C1_qwen_guided_condition_failure,False,C1_qwen_guided_condition_failure,False,C1_qwen_guided_condition_failure,False,C3_entity_mapping_failure,False,C3_entity_mapping_failure,False,C3_entity_mapping_failure
218,Spatial/select_toy_spatial/example85,C1_qwen_guided_condition_failure,False,C1_qwen_guided_condition_failure,False,C1_qwen_guided_condition_failure,False,C1_qwen_guided_condition_failure,False,C1_qwen_guided_condition_failure,False,C3_entity_mapping_failure,False,C1_qwen_guided_condition_failure
219,Spatial/select_toy_spatial/example86,C1_qwen_guided_condition_failure,False,C1_qwen_guided_condition_failure,False,C1_qwen_guided_condition_failure,False,C1_qwen_guided_condition_failure,False,C3_entity_mapping_failure,False,C3_entity_mapping_failure,False,C3_entity_mapping_failure
220,Spatial/select_toy_spatial/example98,C1_qwen_guided_condition_failure,False,C1_qwen_guided_condition_failure,False,C1_qwen_guided_condition_failure,False,C3_entity_mapping_failure,False,C3_entity_mapping_failure,False,C3_entity_mapping_failure,False,C3_entity_mapping_failure
221,CommenSence/select_billiards_common_sense/example24,C2_qwen_conversion_failure,False,C2_qwen_conversion_failure,False,C3_entity_mapping_failure,False,C3_entity_mapping_failure,False,C2_qwen_conversion_failure,False,C2_qwen_conversion_failure,False,C2_qwen_conversion_failure
222,CommenSence/select_billiards_common_sense/example60,C2_qwen_conversion_failure,False,C2_qwen_conversion_failure,False,C3_entity_mapping_failure,False,C3_entity_mapping_failure,False,C2_qwen_conversion_failure,False,C2_qwen_conversion_failure,False,C2_qwen_conversion_failure
223,CommenSence/select_nth_largest_poker/example3,C2_qwen_conversion_failure,False,C2_qwen_conversion_failure,False,C2_qwen_conversion_failure,False,C2_qwen_conversion_failure,False,C2_qwen_conversion_failure,False,C1_qwen_guided_condition_failure,False,C2_qwen_conversion_failure
224,CommenSence/select_nth_largest_poker/example35,C2_qwen_conversion_failure,False,C2_qwen_conversion_failure,False,C2_qwen_conversion_failure,False,C3_entity_mapping_failure,False,C2_qwen_conversion_failure,False,C2_qwen_conversion_failure,False,C2_qwen_conversion_failure
225,CommenSence/select_nth_largest_poker/example77,C2_qwen_conversion_failure,False,C2_qwen_conversion_failure,False,C2_qwen_conversion_failure,False,C2_qwen_conversion_failure,False,C2_qwen_conversion_failure,True,C0_qwen_guided_success,False,C2_qwen_conversion_failure
226,CommenSence/select_nth_largest_poker/example89,C2_qwen_conversion_failure,False,C2_qwen_conversion_failure,False,C2_qwen_conversion_failure,False,C2_qwen_conversion_failure,False,C2_qwen_conversion_failure,False,C1_qwen_guided_condition_failure,False,C2_qwen_conversion_failure
227,M&T/select_billiards/example13,C2_qwen_conversion_failure,False,C2_qwen_conversion_failure,False,C3_entity_mapping_failure,False,C3_entity_mapping_failure,False,C2_qwen_conversion_failure,False,C2_qwen_conversion_failure,False,C2_qwen_conversion_failure
228,M&T/select_billiards/example21,C2_qwen_conversion_failure,False,C2_qwen_conversion_failure,False,C2_qwen_conversion_failure,False,C3_entity_mapping_failure,False,C2_qwen_conversion_failure,False,C2_qwen_conversion_failure,False,C2_qwen_conversion_failure
229,M&T/select_billiards/example41,C2_qwen_conversion_failure,False,C2_qwen_conversion_failure,False,C2_qwen_conversion_failure,False,C3_entity_mapping_failure,False,C2_qwen_conversion_failure,False,C2_qwen_conversion_failure,False,C2_qwen_conversion_failure
230,M&T/select_billiards/example49,C2_qwen_conversion_failure,False,C2_qwen_conversion_failure,False,C3_entity_mapping_failure,False,C3_entity_mapping_failure,False,C2_qwen_conversion_failure,False,C2_qwen_conversion_failure,False,C2_qwen_conversion_failure
231,M&T/select_billiards/example53,C2_qwen_conversion_failure,False,C2_qwen_conversion_failure,False,C2_qwen_conversion_failure,False,C3_entity_mapping_failure,False,C2_qwen_conversion_failure,False,C2_qwen_conversion_failure,False,C2_qwen_conversion_failure
232,M&T/select_billiards/example92,C2_qwen_conversion_failure,False,C2_qwen_conversion_failure,False,C3_entity_mapping_failure,False,C3_entity_mapping_failure,False,C2_qwen_conversion_failure,False,C2_qwen_conversion_failure,False,C2_qwen_conversion_failure
233,M&T/select_poker/example10,C2_qwen_conversion_failure,False,C2_qwen_conversion_failure,True,C0_qwen_guided_success,True,C0_qwen_guided_success,False,C2_qwen_conversion_failure,False,C1_qwen_guided_condition_failure,False,C2_qwen_conversion_failure
234,M&T/select_poker/example11,C2_qwen_conversion_failure,False,C2_qwen_conversion_failure,True,C0_qwen_guided_success,True,C0_qwen_guided_success,False,C2_qwen_conversion_failure,False,C2_qwen_conversion_failure,False,C2_qwen_conversion_failure
235,M&T/select_poker/example13,C2_qwen_conversion_failure,False,C2_qwen_conversion_failure,True,C0_qwen_guided_success,True,C0_qwen_guided_success,False,C2_qwen_conversion_failure,True,C0_qwen_guided_success,False,C2_qwen_conversion_failure
236,M&T/select_poker/example15,C2_qwen_conversion_failure,False,C2_qwen_conversion_failure,True,C0_qwen_guided_success,True,C0_qwen_guided_success,False,C2_qwen_conversion_failure,False,C2_qwen_conversion_failure,False,C2_qwen_conversion_failure
237,M&T/select_poker/example18,C2_qwen_conversion_failure,False,C2_qwen_conversion_failure,True,C0_qwen_guided_success,True,C0_qwen_guided_success,False,C2_qwen_conversion_failure,False,C2_qwen_conversion_failure,False,C2_qwen_conversion_failure
238,M&T/select_poker/example27,C2_qwen_conversion_failure,False,C2_qwen_conversion_failure,True,C0_qwen_guided_success,True,C0_qwen_guided_success,False,C2_qwen_conversion_failure,False,C1_qwen_guided_condition_failure,False,C2_qwen_conversion_failure
239,M&T/select_poker/example31,C2_qwen_conversion_failure,False,C2_qwen_conversion_failure,True,C0_qwen_guided_success,True,C0_qwen_guided_success,False,C2_qwen_conversion_failure,False,C1_qwen_guided_condition_failure,False,C2_qwen_conversion_failure
240,M&T/select_poker/example42,C2_qwen_conversion_failure,False,C2_qwen_conversion_failure,True,C0_qwen_guided_success,True,C0_qwen_guided_success,False,C2_qwen_conversion_failure,False,C2_qwen_conversion_failure,False,C2_qwen_conversion_failure
241,M&T/select_poker/example46,C2_qwen_conversion_failure,False,C2_qwen_conversion_failure,True,C0_qwen_guided_success,True,C0_qwen_guided_success,False,C2_qwen_conversion_failure,False,C1_qwen_guided_condition_failure,False,C2_qwen_conversion_failure
242,M&T/select_poker/example50,C2_qwen_conversion_failure,False,C2_qwen_conversion_failure,True,C0_qwen_guided_success,True,C0_qwen_guided_success,False,C2_qwen_conversion_failure,False,C1_qwen_guided_condition_failure,False,C2_qwen_conversion_failure
243,M&T/select_poker/example51,C2_qwen_conversion_failure,False,C2_qwen_conversion_failure,True,C0_qwen_guided_success,True,C0_qwen_guided_success,False,C2_qwen_conversion_failure,False,C2_qwen_conversion_failure,False,C2_qwen_conversion_failure
244,M&T/select_poker/example61,C2_qwen_conversion_failure,False,C2_qwen_conversion_failure,True,C0_qwen_guided_success,True,C0_qwen_guided_success,False,C2_qwen_conversion_failure,False,C2_qwen_conversion_failure,False,C2_qwen_conversion_failure
245,M&T/select_poker/example67,C2_qwen_conversion_failure,False,C2_qwen_conversion_failure,True,C0_qwen_guided_success,True,C0_qwen_guided_success,False,C1_qwen_guided_condition_failure,False,C1_qwen_guided_condition_failure,False,C1_qwen_guided_condition_failure
246,M&T/select_poker/example75,C2_qwen_conversion_failure,False,C2_qwen_conversion_failure,True,C0_qwen_guided_success,True,C0_qwen_guided_success,True,C0_qwen_guided_success,True,C0_qwen_guided_success,True,C0_qwen_guided_success
247,M&T/select_poker/example76,C2_qwen_conversion_failure,False,C2_qwen_conversion_failure,True,C0_qwen_guided_success,True,C0_qwen_guided_success,False,C2_qwen_conversion_failure,False,C2_qwen_conversion_failure,False,C2_qwen_conversion_failure
248,M&T/select_poker/example81,C2_qwen_conversion_failure,False,C2_qwen_conversion_failure,True,C0_qwen_guided_success,True,C0_qwen_guided_success,False,C2_qwen_conversion_failure,True,C0_qwen_guided_success,False,C2_qwen_conversion_failure
249,M&T/select_poker/example86,C2_qwen_conversion_failure,False,C2_qwen_conversion_failure,True,C0_qwen_guided_success,True,C0_qwen_guided_success,False,C2_qwen_conversion_failure,False,C2_qwen_conversion_failure,False,C2_qwen_conversion_failure
250,M&T/select_poker/example89,C2_qwen_conversion_failure,False,C2_qwen_conversion_failure,True,C0_qwen_guided_success,True,C0_qwen_guided_success,False,C1_qwen_guided_condition_failure,False,C1_qwen_guided_condition_failure,False,C1_qwen_guided_condition_failure
251,M&T/select_poker/example90,C2_qwen_conversion_failure,False,C2_qwen_conversion_failure,True,C0_qwen_guided_success,True,C0_qwen_guided_success,False,C2_qwen_conversion_failure,False,C1_qwen_guided_condition_failure,False,C2_qwen_conversion_failure
252,M&T/select_poker/example91,C2_qwen_conversion_failure,False,C2_qwen_conversion_failure,True,C0_qwen_guided_success,True,C0_qwen_guided_success,False,C2_qwen_conversion_failure,False,C1_qwen_guided_condition_failure,False,C1_qwen_guided_condition_failure
253,M&T/select_poker/example92,C2_qwen_conversion_failure,False,C2_qwen_conversion_failure,True,C0_qwen_guided_success,True,C0_qwen_guided_success,False,C2_qwen_conversion_failure,False,C1_qwen_guided_condition_failure,False,C2_qwen_conversion_failure
254,M&T/select_poker/example93,C2_qwen_conversion_failure,False,C2_qwen_conversion_failure,True,C0_qwen_guided_success,True,C0_qwen_guided_success,False,C2_qwen_conversion_failure,False,C1_qwen_guided_condition_failure,False,C1_qwen_guided_condition_failure
255,M&T/select_poker/example96,C2_qwen_conversion_failure,False,C2_qwen_conversion_failure,True,C0_qwen_guided_success,True,C0_qwen_guided_success,False,C2_qwen_conversion_failure,False,C2_qwen_conversion_failure,False,C2_qwen_conversion_failure
256,PhysicsLaw/density_qa/example62,C2_qwen_conversion_failure,False,C2_qwen_conversion_failure,False,C2_qwen_conversion_failure,False,C2_qwen_conversion_failure,False,C2_qwen_conversion_failure,False,C2_qwen_conversion_failure,False,C2_qwen_conversion_failure
257,PhysicsLaw/density_qa/example72,C2_qwen_conversion_failure,False,C2_qwen_conversion_failure,False,C2_qwen_conversion_failure,False,C2_qwen_conversion_failure,False,C2_qwen_conversion_failure,False,C2_qwen_conversion_failure,False,C2_qwen_conversion_failure
258,PhysicsLaw/density_qa/example78,C2_qwen_conversion_failure,False,C2_qwen_conversion_failure,False,C2_qwen_conversion_failure,False,C2_qwen_conversion_failure,False,C2_qwen_conversion_failure,False,C2_qwen_conversion_failure,False,C2_qwen_conversion_failure
259,PhysicsLaw/density_qa/example82,C2_qwen_conversion_failure,False,C2_qwen_conversion_failure,False,C2_qwen_conversion_failure,False,C2_qwen_conversion_failure,False,C2_qwen_conversion_failure,False,C2_qwen_conversion_failure,False,C2_qwen_conversion_failure
260,PhysicsLaw/friction_qa/example56,C2_qwen_conversion_failure,False,C2_qwen_conversion_failure,False,C2_qwen_conversion_failure,False,C2_qwen_conversion_failure,False,C2_qwen_conversion_failure,False,C2_qwen_conversion_failure,False,C2_qwen_conversion_failure
261,PhysicsLaw/friction_qa/example72,C2_qwen_conversion_failure,False,C2_qwen_conversion_failure,False,C2_qwen_conversion_failure,False,C2_qwen_conversion_failure,False,C2_qwen_conversion_failure,False,C2_qwen_conversion_failure,False,C2_qwen_conversion_failure
262,PhysicsLaw/friction_qa/example77,C2_qwen_conversion_failure,False,C2_qwen_conversion_failure,False,C2_qwen_conversion_failure,False,C2_qwen_conversion_failure,False,C2_qwen_conversion_failure,False,C2_qwen_conversion_failure,False,C2_qwen_conversion_failure
263,PhysicsLaw/speed_of_sound_qa/example51,C2_qwen_conversion_failure,False,C2_qwen_conversion_failure,False,C2_qwen_conversion_failure,False,C2_qwen_conversion_failure,False,C2_qwen_conversion_failure,False,C2_qwen_conversion_failure,False,C2_qwen_conversion_failure
264,PhysicsLaw/speed_of_sound_qa/example80,C2_qwen_conversion_failure,False,C2_qwen_conversion_failure,False,C2_qwen_conversion_failure,False,C2_qwen_conversion_failure,False,C2_qwen_conversion_failure,False,C2_qwen_conversion_failure,False,C2_qwen_conversion_failure
265,PhysicsLaw/speed_of_sound_qa/example86,C2_qwen_conversion_failure,False,C2_qwen_conversion_failure,False,C2_qwen_conversion_failure,False,C2_qwen_conversion_failure,False,C2_qwen_conversion_failure,False,C2_qwen_conversion_failure,False,C2_qwen_conversion_failure
266,PhysicsLaw/speed_of_sound_qa/example91,C2_qwen_conversion_failure,False,C2_qwen_conversion_failure,False,C2_qwen_conversion_failure,False,C2_qwen_conversion_failure,False,C2_qwen_conversion_failure,False,C2_qwen_conversion_failure,False,C2_qwen_conversion_failure
267,PhysicsLaw/speed_of_sound_qa/example99,C2_qwen_conversion_failure,False,C2_qwen_conversion_failure,False,C2_qwen_conversion_failure,False,C2_qwen_conversion_failure,False,C2_qwen_conversion_failure,False,C2_qwen_conversion_failure,False,C2_qwen_conversion_failure
268,Semantic/select_book_semantic/example84,C2_qwen_conversion_failure,False,C2_qwen_conversion_failure,False,C2_qwen_conversion_failure,False,C2_qwen_conversion_failure,False,C2_qwen_conversion_failure,False,C1_qwen_guided_condition_failure,False,C2_qwen_conversion_failure
269,Semantic/select_drink_semantic/example47,C2_qwen_conversion_failure,False,C2_qwen_conversion_failure,False,C2_qwen_conversion_failure,False,C2_qwen_conversion_failure,False,C2_qwen_conversion_failure,False,C2_qwen_conversion_failure,False,C2_qwen_conversion_failure
270,Semantic/select_poker_semantic/example21,C2_qwen_conversion_failure,False,C2_qwen_conversion_failure,False,C2_qwen_conversion_failure,False,C2_qwen_conversion_failure,False,C2_qwen_conversion_failure,False,C2_qwen_conversion_failure,False,C2_qwen_conversion_failure
271,Semantic/select_poker_semantic/example23,C2_qwen_conversion_failure,False,C2_qwen_conversion_failure,False,C2_qwen_conversion_failure,False,C2_qwen_conversion_failure,False,C2_qwen_conversion_failure,False,C2_qwen_conversion_failure,False,C2_qwen_conversion_failure
272,Semantic/select_poker_semantic/example25,C2_qwen_conversion_failure,False,C2_qwen_conversion_failure,False,C2_qwen_conversion_failure,False,C2_qwen_conversion_failure,False,C2_qwen_conversion_failure,False,C2_qwen_conversion_failure,False,C2_qwen_conversion_failure
273,Semantic/select_poker_semantic/example35,C2_qwen_conversion_failure,False,C2_qwen_conversion_failure,False,C2_qwen_conversion_failure,False,C2_qwen_conversion_failure,False,C2_qwen_conversion_failure,False,C2_qwen_conversion_failure,False,C2_qwen_conversion_failure
274,Semantic/select_poker_semantic/example5,C2_qwen_conversion_failure,False,C2_qwen_conversion_failure,False,C2_qwen_conversion_failure,True,C0_qwen_guided_success,False,C2_qwen_conversion_failure,False,C2_qwen_conversion_failure,False,C2_qwen_conversion_failure
275,Semantic/select_poker_semantic/example52,C2_qwen_conversion_failure,False,C2_qwen_conversion_failure,False,C2_qwen_conversion_failure,False,C3_entity_mapping_failure,False,C2_qwen_conversion_failure,False,C2_qwen_conversion_failure,False,C2_qwen_conversion_failure
276,Semantic/select_poker_semantic/example53,C2_qwen_conversion_failure,False,C2_qwen_conversion_failure,False,C2_qwen_conversion_failure,False,C2_qwen_conversion_failure,False,C2_qwen_conversion_failure,False,C2_qwen_conversion_failure,False,C2_qwen_conversion_failure
277,Semantic/select_poker_semantic/example67,C2_qwen_conversion_failure,False,C2_qwen_conversion_failure,False,C2_qwen_conversion_failure,False,C2_qwen_conversion_failure,False,C2_qwen_conversion_failure,False,C1_qwen_guided_condition_failure,False,C2_qwen_conversion_failure
278,Semantic/select_poker_semantic/example77,C2_qwen_conversion_failure,False,C2_qwen_conversion_failure,False,C2_qwen_conversion_failure,False,C2_qwen_conversion_failure,False,C2_qwen_conversion_failure,False,C2_qwen_conversion_failure,False,C2_qwen_conversion_failure
279,Semantic/select_poker_semantic/example97,C2_qwen_conversion_failure,False,C2_qwen_conversion_failure,False,C2_qwen_conversion_failure,False,C2_qwen_conversion_failure,False,C2_qwen_conversion_failure,False,C2_qwen_conversion_failure,False,C2_qwen_conversion_failure
280,Semantic/select_toy_semantic/example51,C2_qwen_conversion_failure,False,C2_qwen_conversion_failure,False,C2_qwen_conversion_failure,False,C2_qwen_conversion_failure,False,C2_qwen_conversion_failure,False,C2_qwen_conversion_failure,False,C2_qwen_conversion_failure
281,M&T/select_billiards/example62,C3_entity_mapping_failure,False,C3_entity_mapping_failure,False,C3_entity_mapping_failure,False,C3_entity_mapping_failure,False,C3_entity_mapping_failure,False,C3_entity_mapping_failure,False,C3_entity_mapping_failure
282,Spatial/select_billiards_spatial/example0,C3_entity_mapping_failure,False,C3_entity_mapping_failure,False,C3_entity_mapping_failure,False,C3_entity_mapping_failure,False,C3_entity_mapping_failure,False,C3_entity_mapping_failure,False,C3_entity_mapping_failure
283,Spatial/select_billiards_spatial/example11,C3_entity_mapping_failure,False,C3_entity_mapping_failure,False,C3_entity_mapping_failure,False,C3_entity_mapping_failure,False,C3_entity_mapping_failure,False,C3_entity_mapping_failure,False,C3_entity_mapping_failure
284,Spatial/select_billiards_spatial/example14,C3_entity_mapping_failure,False,C3_entity_mapping_failure,False,C3_entity_mapping_failure,False,C3_entity_mapping_failure,False,C3_entity_mapping_failure,False,C3_entity_mapping_failure,False,C3_entity_mapping_failure
285,Spatial/select_billiards_spatial/example19,C3_entity_mapping_failure,False,C3_entity_mapping_failure,False,C3_entity_mapping_failure,False,C3_entity_mapping_failure,False,C3_entity_mapping_failure,False,C3_entity_mapping_failure,False,C3_entity_mapping_failure
286,Spatial/select_billiards_spatial/example27,C3_entity_mapping_failure,False,C3_entity_mapping_failure,False,C3_entity_mapping_failure,False,C3_entity_mapping_failure,False,C3_entity_mapping_failure,False,C3_entity_mapping_failure,False,C3_entity_mapping_failure
287,Spatial/select_billiards_spatial/example38,C3_entity_mapping_failure,False,C3_entity_mapping_failure,False,C3_entity_mapping_failure,False,C3_entity_mapping_failure,False,C3_entity_mapping_failure,False,C2_qwen_conversion_failure,False,C3_entity_mapping_failure
288,Spatial/select_billiards_spatial/example51,C3_entity_mapping_failure,False,C3_entity_mapping_failure,False,C3_entity_mapping_failure,False,C3_entity_mapping_failure,False,C3_entity_mapping_failure,False,C3_entity_mapping_failure,False,C3_entity_mapping_failure
289,Spatial/select_billiards_spatial/example53,C3_entity_mapping_failure,False,C3_entity_mapping_failure,False,C3_entity_mapping_failure,False,C3_entity_mapping_failure,False,C3_entity_mapping_failure,False,C2_qwen_conversion_failure,False,C2_qwen_conversion_failure
290,Spatial/select_billiards_spatial/example57,C3_entity_mapping_failure,False,C3_entity_mapping_failure,False,C3_entity_mapping_failure,False,C3_entity_mapping_failure,False,C3_entity_mapping_failure,False,C3_entity_mapping_failure,False,C3_entity_mapping_failure
291,Spatial/select_billiards_spatial/example61,C3_entity_mapping_failure,False,C3_entity_mapping_failure,False,C3_entity_mapping_failure,False,C3_entity_mapping_failure,False,C2_qwen_conversion_failure,False,C2_qwen_conversion_failure,False,C2_qwen_conversion_failure
292,Spatial/select_billiards_spatial/example63,C3_entity_mapping_failure,False,C3_entity_mapping_failure,False,C3_entity_mapping_failure,False,C3_entity_mapping_failure,False,C3_entity_mapping_failure,False,C3_entity_mapping_failure,False,C3_entity_mapping_failure
293,Spatial/select_billiards_spatial/example64,C3_entity_mapping_failure,False,C3_entity_mapping_failure,False,C3_entity_mapping_failure,False,C3_entity_mapping_failure,False,C3_entity_mapping_failure,False,C2_qwen_conversion_failure,False,C2_qwen_conversion_failure
294,Spatial/select_billiards_spatial/example66,C3_entity_mapping_failure,False,C3_entity_mapping_failure,False,C3_entity_mapping_failure,False,C3_entity_mapping_failure,False,C3_entity_mapping_failure,False,C3_entity_mapping_failure,False,C3_entity_mapping_failure
295,Spatial/select_billiards_spatial/example70,C3_entity_mapping_failure,False,C3_entity_mapping_failure,False,C3_entity_mapping_failure,False,C3_entity_mapping_failure,False,C3_entity_mapping_failure,False,C2_qwen_conversion_failure,False,C2_qwen_conversion_failure
296,Spatial/select_billiards_spatial/example73,C3_entity_mapping_failure,False,C3_entity_mapping_failure,False,C3_entity_mapping_failure,False,C3_entity_mapping_failure,False,C3_entity_mapping_failure,False,C2_qwen_conversion_failure,False,C2_qwen_conversion_failure
297,Spatial/select_billiards_spatial/example74,C3_entity_mapping_failure,False,C3_entity_mapping_failure,False,C3_entity_mapping_failure,False,C3_entity_mapping_failure,False,C3_entity_mapping_failure,False,C3_entity_mapping_failure,False,C3_entity_mapping_failure
298,Spatial/select_billiards_spatial/example88,C3_entity_mapping_failure,False,C3_entity_mapping_failure,False,C3_entity_mapping_failure,False,C3_entity_mapping_failure,False,C3_entity_mapping_failure,False,C2_qwen_conversion_failure,False,C2_qwen_conversion_failure
299,Spatial/select_billiards_spatial/example92,C3_entity_mapping_failure,False,C3_entity_mapping_failure,False,C3_entity_mapping_failure,False,C3_entity_mapping_failure,False,C2_qwen_conversion_failure,False,C2_qwen_conversion_failure,False,C2_qwen_conversion_failure
300,Semantic/select_poker_semantic/example49,C4_unsupported_qwen_skill,False,C4_unsupported_qwen_skill,True,C0_qwen_guided_success,True,C0_qwen_guided_success,True,C0_qwen_guided_success,True,C0_qwen_guided_success,True,C0_qwen_guided_success
