ablation_index,sample_id,track_c_status,variant,variant_status,variant_execution_status,variant_success,variant_progress_score,variant_elapsed_s,case_dir,updated_at
1,CommenSence/insert_flower_common_sense/example19,C1_qwen_guided_condition_failure,R4,C3_entity_mapping_failure,not_run_conversion_failed,,,,C:\SILVER\archive\silver_track_d_replanning_attribution_20260527\ablation_300\data\CommenSence\insert_flower_common_sense\example19,2026-06-01 18:12:42
2,CommenSence/insert_flower_common_sense/example81,C1_qwen_guided_condition_failure,R4,C1_qwen_guided_condition_failure,completed,False,0.0,65.01547956466675,C:\SILVER\archive\silver_track_d_replanning_attribution_20260527\ablation_300\data\CommenSence\insert_flower_common_sense\example81,2026-06-01 18:12:42
3,CommenSence/select_billiards_common_sense/example21,C1_qwen_guided_condition_failure,R4,C0_qwen_guided_success,completed,True,1.0,92.50977206230164,C:\SILVER\archive\silver_track_d_replanning_attribution_20260527\ablation_300\data\CommenSence\select_billiards_common_sense\example21,2026-06-01 18:14:19
4,CommenSence/select_billiards_common_sense/example30,C1_qwen_guided_condition_failure,R4,C0_qwen_guided_success,completed,True,1.0,114.66063141822815,C:\SILVER\archive\silver_track_d_replanning_attribution_20260527\ablation_300\data\CommenSence\select_billiards_common_sense\example30,2026-06-01 18:16:17
5,CommenSence/select_billiards_common_sense/example47,C1_qwen_guided_condition_failure,R4,C0_qwen_guided_success,completed,True,1.0,122.07785391807556,C:\SILVER\archive\silver_track_d_replanning_attribution_20260527\ablation_300\data\CommenSence\select_billiards_common_sense\example47,2026-06-01 18:18:22
6,CommenSence/select_billiards_common_sense/example6,C1_qwen_guided_condition_failure,R4,C1_qwen_guided_condition_failure,completed,False,0.5,104.04704546928406,C:\SILVER\archive\silver_track_d_replanning_attribution_20260527\ablation_300\data\CommenSence\select_billiards_common_sense\example6,2026-06-01 18:20:09
7,CommenSence/select_billiards_common_sense/example61,C1_qwen_guided_condition_failure,R4,C0_qwen_guided_success,completed,True,1.0,124.58930110931396,C:\SILVER\archive\silver_track_d_replanning_attribution_20260527\ablation_300\data\CommenSence\select_billiards_common_sense\example61,2026-06-01 18:22:16
8,CommenSence/select_billiards_common_sense/example65,C1_qwen_guided_condition_failure,R4,C0_qwen_guided_success,completed,True,1.0,93.95034551620483,C:\SILVER\archive\silver_track_d_replanning_attribution_20260527\ablation_300\data\CommenSence\select_billiards_common_sense\example65,2026-06-01 18:23:53
9,CommenSence/select_billiards_common_sense/example70,C1_qwen_guided_condition_failure,R4,C0_qwen_guided_success,completed,True,1.0,88.1669192314148,C:\SILVER\archive\silver_track_d_replanning_attribution_20260527\ablation_300\data\CommenSence\select_billiards_common_sense\example70,2026-06-01 18:25:26
10,CommenSence/select_billiards_common_sense/example80,C1_qwen_guided_condition_failure,R4,C0_qwen_guided_success,completed,True,1.0,111.74581003189087,C:\SILVER\archive\silver_track_d_replanning_attribution_20260527\ablation_300\data\CommenSence\select_billiards_common_sense\example80,2026-06-01 18:27:21
11,CommenSence/select_billiards_common_sense/example83,C1_qwen_guided_condition_failure,R4,C0_qwen_guided_success,completed,True,1.0,78.43587899208069,C:\SILVER\archive\silver_track_d_replanning_attribution_20260527\ablation_300\data\CommenSence\select_billiards_common_sense\example83,2026-06-01 18:28:42
12,CommenSence/select_billiards_common_sense/example84,C1_qwen_guided_condition_failure,R4,C3_entity_mapping_failure,not_run_conversion_failed,,,,C:\SILVER\archive\silver_track_d_replanning_attribution_20260527\ablation_300\data\CommenSence\select_billiards_common_sense\example84,2026-06-01 18:28:42
13,CommenSence/select_billiards_common_sense/example89,C1_qwen_guided_condition_failure,R4,C0_qwen_guided_success,completed,True,1.0,77.86188864707947,C:\SILVER\archive\silver_track_d_replanning_attribution_20260527\ablation_300\data\CommenSence\select_billiards_common_sense\example89,2026-06-01 18:30:03
14,CommenSence/select_billiards_common_sense/example92,C1_qwen_guided_condition_failure,R4,C1_qwen_guided_condition_failure,completed,False,0.5,72.51735639572144,C:\SILVER\archive\silver_track_d_replanning_attribution_20260527\ablation_300\data\CommenSence\select_billiards_common_sense\example92,2026-06-01 18:31:18
15,CommenSence/select_billiards_common_sense/example99,C1_qwen_guided_condition_failure,R4,C3_entity_mapping_failure,not_run_conversion_failed,,,,C:\SILVER\archive\silver_track_d_replanning_attribution_20260527\ablation_300\data\CommenSence\select_billiards_common_sense\example99,2026-06-01 18:31:18
16,CommenSence/select_chemistry_tube_common_sense/example82,C1_qwen_guided_condition_failure,R4,C1_qwen_guided_condition_failure,completed,False,0.5,67.32328462600708,C:\SILVER\archive\silver_track_d_replanning_attribution_20260527\ablation_300\data\CommenSence\select_chemistry_tube_common_sense\example82,2026-06-01 18:32:28
17,CommenSence/select_drink_common_sense/example1,C1_qwen_guided_condition_failure,R4,C3_entity_mapping_failure,not_run_conversion_failed,,,,C:\SILVER\archive\silver_track_d_replanning_attribution_20260527\ablation_300\data\CommenSence\select_drink_common_sense\example1,2026-06-01 18:32:28
18,CommenSence/select_drink_common_sense/example11,C1_qwen_guided_condition_failure,R4,C0_qwen_guided_success,completed,True,1.0,63.667468309402466,C:\SILVER\archive\silver_track_d_replanning_attribution_20260527\ablation_300\data\CommenSence\select_drink_common_sense\example11,2026-06-01 18:33:35
19,CommenSence/select_drink_common_sense/example67,C1_qwen_guided_condition_failure,R4,C3_entity_mapping_failure,not_run_conversion_failed,,,,C:\SILVER\archive\silver_track_d_replanning_attribution_20260527\ablation_300\data\CommenSence\select_drink_common_sense\example67,2026-06-01 18:33:35
20,CommenSence/select_drink_common_sense/example95,C1_qwen_guided_condition_failure,R4,C2_qwen_conversion_failure,not_run_conversion_failed,,,,C:\SILVER\archive\silver_track_d_replanning_attribution_20260527\ablation_300\data\CommenSence\select_drink_common_sense\example95,2026-06-01 18:33:35
21,CommenSence/select_drink_common_sense/example96,C1_qwen_guided_condition_failure,R4,C3_entity_mapping_failure,not_run_conversion_failed,,,,C:\SILVER\archive\silver_track_d_replanning_attribution_20260527\ablation_300\data\CommenSence\select_drink_common_sense\example96,2026-06-01 18:33:35
22,CommenSence/select_fruit_common_sense/example3,C1_qwen_guided_condition_failure,R4,C1_qwen_guided_condition_failure,completed,False,0.5,89.59594249725342,C:\SILVER\archive\silver_track_d_replanning_attribution_20260527\ablation_300\data\CommenSence\select_fruit_common_sense\example3,2026-06-01 18:35:07
23,CommenSence/select_fruit_common_sense/example30,C1_qwen_guided_condition_failure,R4,C1_qwen_guided_condition_failure,completed,False,0.5,74.15175938606262,C:\SILVER\archive\silver_track_d_replanning_attribution_20260527\ablation_300\data\CommenSence\select_fruit_common_sense\example30,2026-06-01 18:36:25
24,CommenSence/select_fruit_common_sense/example32,C1_qwen_guided_condition_failure,R4,C1_qwen_guided_condition_failure,completed,False,0.5,88.31260681152344,C:\SILVER\archive\silver_track_d_replanning_attribution_20260527\ablation_300\data\CommenSence\select_fruit_common_sense\example32,2026-06-01 18:37:56
25,CommenSence/select_fruit_common_sense/example93,C1_qwen_guided_condition_failure,R4,C1_qwen_guided_condition_failure,completed,False,0.0,75.02455472946167,C:\SILVER\archive\silver_track_d_replanning_attribution_20260527\ablation_300\data\CommenSence\select_fruit_common_sense\example93,2026-06-01 18:39:13
26,CommenSence/select_nth_largest_poker/example16,C1_qwen_guided_condition_failure,R4,C0_qwen_guided_success,completed,True,1.0,85.82750391960144,C:\SILVER\archive\silver_track_d_replanning_attribution_20260527\ablation_300\data\CommenSence\select_nth_largest_poker\example16,2026-06-01 18:40:42
27,CommenSence/select_nth_largest_poker/example22,C1_qwen_guided_condition_failure,R4,C1_qwen_guided_condition_failure,completed,False,0.3333333333333333,101.06356191635132,C:\SILVER\archive\silver_track_d_replanning_attribution_20260527\ablation_300\data\CommenSence\select_nth_largest_poker\example22,2026-06-01 18:42:26
28,CommenSence/select_nth_largest_poker/example24,C1_qwen_guided_condition_failure,R4,C3_entity_mapping_failure,not_run_conversion_failed,,,,C:\SILVER\archive\silver_track_d_replanning_attribution_20260527\ablation_300\data\CommenSence\select_nth_largest_poker\example24,2026-06-01 18:42:26
29,CommenSence/select_nth_largest_poker/example27,C1_qwen_guided_condition_failure,R4,C0_qwen_guided_success,completed,True,1.0,78.51864552497864,C:\SILVER\archive\silver_track_d_replanning_attribution_20260527\ablation_300\data\CommenSence\select_nth_largest_poker\example27,2026-06-01 18:43:47
30,CommenSence/select_nth_largest_poker/example30,C1_qwen_guided_condition_failure,R4,C0_qwen_guided_success,completed,True,1.0,83.81791496276855,C:\SILVER\archive\silver_track_d_replanning_attribution_20260527\ablation_300\data\CommenSence\select_nth_largest_poker\example30,2026-06-01 18:45:14
31,CommenSence/select_nth_largest_poker/example48,C1_qwen_guided_condition_failure,R4,C2_qwen_conversion_failure,not_run_conversion_failed,,,,C:\SILVER\archive\silver_track_d_replanning_attribution_20260527\ablation_300\data\CommenSence\select_nth_largest_poker\example48,2026-06-01 18:45:14
32,CommenSence/select_nth_largest_poker/example54,C1_qwen_guided_condition_failure,R4,C0_qwen_guided_success,completed,True,1.0,94.77990937232971,C:\SILVER\archive\silver_track_d_replanning_attribution_20260527\ablation_300\data\CommenSence\select_nth_largest_poker\example54,2026-06-01 18:46:51
33,CommenSence/select_nth_largest_poker/example65,C1_qwen_guided_condition_failure,R4,C1_qwen_guided_condition_failure,completed,False,0.3333333333333333,90.70308351516724,C:\SILVER\archive\silver_track_d_replanning_attribution_20260527\ablation_300\data\CommenSence\select_nth_largest_poker\example65,2026-06-01 18:48:25
34,CommenSence/select_nth_largest_poker/example66,C1_qwen_guided_condition_failure,R4,C1_qwen_guided_condition_failure,completed,False,0.3333333333333333,96.55452704429626,C:\SILVER\archive\silver_track_d_replanning_attribution_20260527\ablation_300\data\CommenSence\select_nth_largest_poker\example66,2026-06-01 18:50:04
35,CommenSence/select_nth_largest_poker/example68,C1_qwen_guided_condition_failure,R4,C1_qwen_guided_condition_failure,completed,False,0.3333333333333333,110.70332288742065,C:\SILVER\archive\silver_track_d_replanning_attribution_20260527\ablation_300\data\CommenSence\select_nth_largest_poker\example68,2026-06-01 18:51:58
36,CommenSence/select_nth_largest_poker/example76,C1_qwen_guided_condition_failure,R4,C3_entity_mapping_failure,not_run_conversion_failed,,,,C:\SILVER\archive\silver_track_d_replanning_attribution_20260527\ablation_300\data\CommenSence\select_nth_largest_poker\example76,2026-06-01 18:51:58
37,CommenSence/select_nth_largest_poker/example83,C1_qwen_guided_condition_failure,R4,C2_qwen_conversion_failure,not_run_conversion_failed,,,,C:\SILVER\archive\silver_track_d_replanning_attribution_20260527\ablation_300\data\CommenSence\select_nth_largest_poker\example83,2026-06-01 18:51:58
38,CommenSence/select_nth_largest_poker/example85,C1_qwen_guided_condition_failure,R4,C1_qwen_guided_condition_failure,completed,False,0.3333333333333333,112.09490776062012,C:\SILVER\archive\silver_track_d_replanning_attribution_20260527\ablation_300\data\CommenSence\select_nth_largest_poker\example85,2026-06-01 18:53:53
39,CommenSence/select_nth_largest_poker/example92,C1_qwen_guided_condition_failure,R4,C3_entity_mapping_failure,not_run_conversion_failed,,,,C:\SILVER\archive\silver_track_d_replanning_attribution_20260527\ablation_300\data\CommenSence\select_nth_largest_poker\example92,2026-06-01 18:53:53
40,CommenSence/select_nth_largest_poker/example95,C1_qwen_guided_condition_failure,R4,C1_qwen_guided_condition_failure,completed,False,0.3333333333333333,98.1790988445282,C:\SILVER\archive\silver_track_d_replanning_attribution_20260527\ablation_300\data\CommenSence\select_nth_largest_poker\example95,2026-06-01 18:55:34
41,CommenSence/select_nth_largest_poker/example96,C1_qwen_guided_condition_failure,R4,C0_qwen_guided_success,completed,True,1.0,87.39068508148193,C:\SILVER\archive\silver_track_d_replanning_attribution_20260527\ablation_300\data\CommenSence\select_nth_largest_poker\example96,2026-06-01 18:57:05
42,CommenSence/select_toy_common_sense/example13,C1_qwen_guided_condition_failure,R4,C0_qwen_guided_success,completed,True,1.0,140.49707865715027,C:\SILVER\archive\silver_track_d_replanning_attribution_20260527\ablation_300\data\CommenSence\select_toy_common_sense\example13,2026-06-01 18:59:27
43,M&T/add_condiment/example54,C1_qwen_guided_condition_failure,R4,C1_qwen_guided_condition_failure,completed,False,0.3333333333333333,226.5349087715149,C:\SILVER\archive\silver_track_d_replanning_attribution_20260527\ablation_300\data\M&T\add_condiment\example54,2026-06-01 19:03:16
44,M&T/insert_flower/example1,C1_qwen_guided_condition_failure,R4,C0_qwen_guided_success,completed,True,1.0,126.41116762161255,C:\SILVER\archive\silver_track_d_replanning_attribution_20260527\ablation_300\data\M&T\insert_flower\example1,2026-06-01 19:05:25
45,M&T/insert_flower/example14,C1_qwen_guided_condition_failure,R4,C1_qwen_guided_condition_failure,completed,False,0.5,97.19166779518127,C:\SILVER\archive\silver_track_d_replanning_attribution_20260527\ablation_300\data\M&T\insert_flower\example14,2026-06-01 19:07:06
46,M&T/insert_flower/example24,C1_qwen_guided_condition_failure,R4,C0_qwen_guided_success,completed,True,1.0,101.61366963386536,C:\SILVER\archive\silver_track_d_replanning_attribution_20260527\ablation_300\data\M&T\insert_flower\example24,2026-06-01 19:08:50
47,M&T/insert_flower/example50,C1_qwen_guided_condition_failure,R4,C0_qwen_guided_success,completed,True,1.0,95.73438048362732,C:\SILVER\archive\silver_track_d_replanning_attribution_20260527\ablation_300\data\M&T\insert_flower\example50,2026-06-01 19:10:28
48,M&T/insert_flower/example51,C1_qwen_guided_condition_failure,R4,C0_qwen_guided_success,completed,True,1.0,115.02454352378845,C:\SILVER\archive\silver_track_d_replanning_attribution_20260527\ablation_300\data\M&T\insert_flower\example51,2026-06-01 19:12:25
49,M&T/insert_flower/example93,C1_qwen_guided_condition_failure,R4,C0_qwen_guided_success,completed,True,1.0,105.90682339668274,C:\SILVER\archive\silver_track_d_replanning_attribution_20260527\ablation_300\data\M&T\insert_flower\example93,2026-06-01 19:14:14
50,M&T/select_billiards/example1,C1_qwen_guided_condition_failure,R4,C3_entity_mapping_failure,not_run_conversion_failed,,,,C:\SILVER\archive\silver_track_d_replanning_attribution_20260527\ablation_300\data\M&T\select_billiards\example1,2026-06-01 19:14:14
51,M&T/select_billiards/example15,C1_qwen_guided_condition_failure,R4,C0_qwen_guided_success,completed,True,1.0,90.56045889854431,C:\SILVER\archive\silver_track_d_replanning_attribution_20260527\ablation_300\data\M&T\select_billiards\example15,2026-06-01 19:15:48
52,M&T/select_billiards/example17,C1_qwen_guided_condition_failure,R4,C0_qwen_guided_success,completed,True,1.0,101.48704671859741,C:\SILVER\archive\silver_track_d_replanning_attribution_20260527\ablation_300\data\M&T\select_billiards\example17,2026-06-01 19:17:32
53,M&T/select_billiards/example18,C1_qwen_guided_condition_failure,R4,C3_entity_mapping_failure,not_run_conversion_failed,,,,C:\SILVER\archive\silver_track_d_replanning_attribution_20260527\ablation_300\data\M&T\select_billiards\example18,2026-06-01 19:17:32
54,M&T/select_billiards/example2,C1_qwen_guided_condition_failure,R4,C1_qwen_guided_condition_failure,completed,False,0.5,83.75732803344727,C:\SILVER\archive\silver_track_d_replanning_attribution_20260527\ablation_300\data\M&T\select_billiards\example2,2026-06-01 19:18:58
55,M&T/select_billiards/example22,C1_qwen_guided_condition_failure,R4,C0_qwen_guided_success,completed,True,1.0,89.79064798355103,C:\SILVER\archive\silver_track_d_replanning_attribution_20260527\ablation_300\data\M&T\select_billiards\example22,2026-06-01 19:20:31
56,M&T/select_billiards/example26,C1_qwen_guided_condition_failure,R4,C0_qwen_guided_success,completed,True,1.0,70.69484424591064,C:\SILVER\archive\silver_track_d_replanning_attribution_20260527\ablation_300\data\M&T\select_billiards\example26,2026-06-01 19:21:45
57,M&T/select_billiards/example3,C1_qwen_guided_condition_failure,R4,C0_qwen_guided_success,completed,True,1.0,93.4950852394104,C:\SILVER\archive\silver_track_d_replanning_attribution_20260527\ablation_300\data\M&T\select_billiards\example3,2026-06-01 19:23:22
58,M&T/select_billiards/example31,C1_qwen_guided_condition_failure,R4,C0_qwen_guided_success,completed,True,1.0,69.05769371986389,C:\SILVER\archive\silver_track_d_replanning_attribution_20260527\ablation_300\data\M&T\select_billiards\example31,2026-06-01 19:24:35
59,M&T/select_billiards/example35,C1_qwen_guided_condition_failure,R4,C3_entity_mapping_failure,not_run_conversion_failed,,,,C:\SILVER\archive\silver_track_d_replanning_attribution_20260527\ablation_300\data\M&T\select_billiards\example35,2026-06-01 19:24:35
60,M&T/select_billiards/example36,C1_qwen_guided_condition_failure,R4,C0_qwen_guided_success,completed,True,1.0,79.1187207698822,C:\SILVER\archive\silver_track_d_replanning_attribution_20260527\ablation_300\data\M&T\select_billiards\example36,2026-06-01 19:25:56
61,M&T/select_billiards/example39,C1_qwen_guided_condition_failure,R4,C3_entity_mapping_failure,not_run_conversion_failed,,,,C:\SILVER\archive\silver_track_d_replanning_attribution_20260527\ablation_300\data\M&T\select_billiards\example39,2026-06-01 19:25:56
62,M&T/select_billiards/example44,C1_qwen_guided_condition_failure,R4,C3_entity_mapping_failure,not_run_conversion_failed,,,,C:\SILVER\archive\silver_track_d_replanning_attribution_20260527\ablation_300\data\M&T\select_billiards\example44,2026-06-01 19:25:56
63,M&T/select_billiards/example48,C1_qwen_guided_condition_failure,R4,C0_qwen_guided_success,completed,True,1.0,72.6885437965393,C:\SILVER\archive\silver_track_d_replanning_attribution_20260527\ablation_300\data\M&T\select_billiards\example48,2026-06-01 19:27:12
64,M&T/select_billiards/example57,C1_qwen_guided_condition_failure,R4,C3_entity_mapping_failure,not_run_conversion_failed,,,,C:\SILVER\archive\silver_track_d_replanning_attribution_20260527\ablation_300\data\M&T\select_billiards\example57,2026-06-01 19:27:12
65,M&T/select_billiards/example59,C1_qwen_guided_condition_failure,R4,C3_entity_mapping_failure,not_run_conversion_failed,,,,C:\SILVER\archive\silver_track_d_replanning_attribution_20260527\ablation_300\data\M&T\select_billiards\example59,2026-06-01 19:27:12
66,M&T/select_billiards/example71,C1_qwen_guided_condition_failure,R4,C3_entity_mapping_failure,not_run_conversion_failed,,,,C:\SILVER\archive\silver_track_d_replanning_attribution_20260527\ablation_300\data\M&T\select_billiards\example71,2026-06-01 19:27:12
67,M&T/select_billiards/example73,C1_qwen_guided_condition_failure,R4,C3_entity_mapping_failure,not_run_conversion_failed,,,,C:\SILVER\archive\silver_track_d_replanning_attribution_20260527\ablation_300\data\M&T\select_billiards\example73,2026-06-01 19:27:12
68,M&T/select_billiards/example78,C1_qwen_guided_condition_failure,R4,C0_qwen_guided_success,completed,True,1.0,91.35527229309082,C:\SILVER\archive\silver_track_d_replanning_attribution_20260527\ablation_300\data\M&T\select_billiards\example78,2026-06-01 19:28:47
69,M&T/select_billiards/example83,C1_qwen_guided_condition_failure,R4,C3_entity_mapping_failure,not_run_conversion_failed,,,,C:\SILVER\archive\silver_track_d_replanning_attribution_20260527\ablation_300\data\M&T\select_billiards\example83,2026-06-01 19:28:47
70,M&T/select_billiards/example90,C1_qwen_guided_condition_failure,R4,C1_qwen_guided_condition_failure,completed,False,0.5,69.49990820884705,C:\SILVER\archive\silver_track_d_replanning_attribution_20260527\ablation_300\data\M&T\select_billiards\example90,2026-06-01 19:30:00
71,M&T/select_billiards/example91,C1_qwen_guided_condition_failure,R4,C3_entity_mapping_failure,not_run_conversion_failed,,,,C:\SILVER\archive\silver_track_d_replanning_attribution_20260527\ablation_300\data\M&T\select_billiards\example91,2026-06-01 19:30:00
72,M&T/select_book/example45,C1_qwen_guided_condition_failure,R4,C0_qwen_guided_success,completed,True,1.0,64.4618148803711,C:\SILVER\archive\silver_track_d_replanning_attribution_20260527\ablation_300\data\M&T\select_book\example45,2026-06-01 19:31:06
73,M&T/select_book/example5,C1_qwen_guided_condition_failure,R4,C0_qwen_guided_success,completed,True,1.0,62.1988263130188,C:\SILVER\archive\silver_track_d_replanning_attribution_20260527\ablation_300\data\M&T\select_book\example5,2026-06-01 19:32:12
74,M&T/select_book/example79,C1_qwen_guided_condition_failure,R4,C0_qwen_guided_success,completed,True,1.0,57.22727823257446,C:\SILVER\archive\silver_track_d_replanning_attribution_20260527\ablation_300\data\M&T\select_book\example79,2026-06-01 19:33:12
75,M&T/select_book/example83,C1_qwen_guided_condition_failure,R4,C0_qwen_guided_success,completed,True,1.0,57.70233631134033,C:\SILVER\archive\silver_track_d_replanning_attribution_20260527\ablation_300\data\M&T\select_book\example83,2026-06-01 19:34:13
76,M&T/select_book/example90,C1_qwen_guided_condition_failure,R4,C0_qwen_guided_success,completed,True,1.0,77.2545952796936,C:\SILVER\archive\silver_track_d_replanning_attribution_20260527\ablation_300\data\M&T\select_book\example90,2026-06-01 19:35:33
77,M&T/select_book/example94,C1_qwen_guided_condition_failure,R4,C0_qwen_guided_success,completed,True,1.0,55.543450355529785,C:\SILVER\archive\silver_track_d_replanning_attribution_20260527\ablation_300\data\M&T\select_book\example94,2026-06-01 19:36:31
78,M&T/select_book/example96,C1_qwen_guided_condition_failure,R4,C3_entity_mapping_failure,not_run_conversion_failed,,,,C:\SILVER\archive\silver_track_d_replanning_attribution_20260527\ablation_300\data\M&T\select_book\example96,2026-06-01 19:36:31
79,M&T/select_chemistry_tube/example55,C1_qwen_guided_condition_failure,R4,C0_qwen_guided_success,completed,True,1.0,48.44156575202942,C:\SILVER\archive\silver_track_d_replanning_attribution_20260527\ablation_300\data\M&T\select_chemistry_tube\example55,2026-06-01 19:37:22
80,M&T/select_chemistry_tube/example69,C1_qwen_guided_condition_failure,R4,C1_qwen_guided_condition_failure,completed,False,0.5,57.15748453140259,C:\SILVER\archive\silver_track_d_replanning_attribution_20260527\ablation_300\data\M&T\select_chemistry_tube\example69,2026-06-01 19:38:22
81,M&T/select_chemistry_tube/example75,C1_qwen_guided_condition_failure,R4,C0_qwen_guided_success,completed,True,1.0,57.9579861164093,C:\SILVER\archive\silver_track_d_replanning_attribution_20260527\ablation_300\data\M&T\select_chemistry_tube\example75,2026-06-01 19:39:23
82,M&T/select_chemistry_tube/example79,C1_qwen_guided_condition_failure,R4,C1_qwen_guided_condition_failure,completed,False,0.5,65.09508323669434,C:\SILVER\archive\silver_track_d_replanning_attribution_20260527\ablation_300\data\M&T\select_chemistry_tube\example79,2026-06-01 19:40:31
83,M&T/select_drink/example39,C1_qwen_guided_condition_failure,R4,C0_qwen_guided_success,completed,True,1.0,58.602139472961426,C:\SILVER\archive\silver_track_d_replanning_attribution_20260527\ablation_300\data\M&T\select_drink\example39,2026-06-01 19:41:31
84,M&T/select_drink/example52,C1_qwen_guided_condition_failure,R4,C0_qwen_guided_success,completed,True,1.0,78.2685899734497,C:\SILVER\archive\silver_track_d_replanning_attribution_20260527\ablation_300\data\M&T\select_drink\example52,2026-06-01 19:42:53
85,M&T/select_drink/example8,C1_qwen_guided_condition_failure,R4,C0_qwen_guided_success,completed,True,1.0,64.50823783874512,C:\SILVER\archive\silver_track_d_replanning_attribution_20260527\ablation_300\data\M&T\select_drink\example8,2026-06-01 19:44:01
86,M&T/select_fruit/example1,C1_qwen_guided_condition_failure,R4,C1_qwen_guided_condition_failure,completed,False,0.5,74.32484602928162,C:\SILVER\archive\silver_track_d_replanning_attribution_20260527\ablation_300\data\M&T\select_fruit\example1,2026-06-01 19:45:18
87,M&T/select_fruit/example2,C1_qwen_guided_condition_failure,R4,C0_qwen_guided_success,completed,True,1.0,121.43611907958984,C:\SILVER\archive\silver_track_d_replanning_attribution_20260527\ablation_300\data\M&T\select_fruit\example2,2026-06-01 19:47:22
88,M&T/select_fruit/example47,C1_qwen_guided_condition_failure,R4,C0_qwen_guided_success,completed,True,1.0,131.56359386444092,C:\SILVER\archive\silver_track_d_replanning_attribution_20260527\ablation_300\data\M&T\select_fruit\example47,2026-06-01 19:49:36
89,M&T/select_fruit/example50,C1_qwen_guided_condition_failure,R4,C0_qwen_guided_success,completed,True,1.0,91.10720920562744,C:\SILVER\archive\silver_track_d_replanning_attribution_20260527\ablation_300\data\M&T\select_fruit\example50,2026-06-01 19:51:10
90,M&T/select_fruit/example91,C1_qwen_guided_condition_failure,R4,C0_qwen_guided_success,completed,True,1.0,114.44124460220337,C:\SILVER\archive\silver_track_d_replanning_attribution_20260527\ablation_300\data\M&T\select_fruit\example91,2026-06-01 19:53:08
91,M&T/select_poker/example25,C1_qwen_guided_condition_failure,R4,C0_qwen_guided_success,completed,True,1.0,71.32844972610474,C:\SILVER\archive\silver_track_d_replanning_attribution_20260527\ablation_300\data\M&T\select_poker\example25,2026-06-01 19:54:22
92,M&T/select_poker/example36,C1_qwen_guided_condition_failure,R4,C0_qwen_guided_success,completed,True,1.0,63.0334632396698,C:\SILVER\archive\silver_track_d_replanning_attribution_20260527\ablation_300\data\M&T\select_poker\example36,2026-06-01 19:55:28
93,M&T/select_poker/example78,C1_qwen_guided_condition_failure,R4,C0_qwen_guided_success,completed,True,1.0,93.19886326789856,C:\SILVER\archive\silver_track_d_replanning_attribution_20260527\ablation_300\data\M&T\select_poker\example78,2026-06-01 19:57:04
94,M&T/select_poker/example95,C1_qwen_guided_condition_failure,R4,C0_qwen_guided_success,completed,True,1.0,71.94678115844727,C:\SILVER\archive\silver_track_d_replanning_attribution_20260527\ablation_300\data\M&T\select_poker\example95,2026-06-01 19:58:18
95,Semantic/insert_flower_semantic/example70,C1_qwen_guided_condition_failure,R4,C0_qwen_guided_success,completed,True,1.0,113.75021553039551,C:\SILVER\archive\silver_track_d_replanning_attribution_20260527\ablation_300\data\Semantic\insert_flower_semantic\example70,2026-06-01 20:00:15
96,Semantic/select_book_semantic/example14,C1_qwen_guided_condition_failure,R4,C3_entity_mapping_failure,not_run_conversion_failed,,,,C:\SILVER\archive\silver_track_d_replanning_attribution_20260527\ablation_300\data\Semantic\select_book_semantic\example14,2026-06-01 20:00:15
97,Semantic/select_book_semantic/example30,C1_qwen_guided_condition_failure,R4,C1_qwen_guided_condition_failure,completed,False,0.0,67.50290179252625,C:\SILVER\archive\silver_track_d_replanning_attribution_20260527\ablation_300\data\Semantic\select_book_semantic\example30,2026-06-01 20:01:25
98,Semantic/select_book_semantic/example39,C1_qwen_guided_condition_failure,R4,C0_qwen_guided_success,completed,True,1.0,70.0085666179657,C:\SILVER\archive\silver_track_d_replanning_attribution_20260527\ablation_300\data\Semantic\select_book_semantic\example39,2026-06-01 20:02:37
99,Semantic/select_book_semantic/example42,C1_qwen_guided_condition_failure,R4,C0_qwen_guided_success,completed,True,1.0,63.70855498313904,C:\SILVER\archive\silver_track_d_replanning_attribution_20260527\ablation_300\data\Semantic\select_book_semantic\example42,2026-06-01 20:03:43
100,Semantic/select_book_semantic/example53,C1_qwen_guided_condition_failure,R4,C0_qwen_guided_success,completed,True,1.0,58.140068769454956,C:\SILVER\archive\silver_track_d_replanning_attribution_20260527\ablation_300\data\Semantic\select_book_semantic\example53,2026-06-01 20:04:44
101,Semantic/select_book_semantic/example62,C1_qwen_guided_condition_failure,R4,C1_qwen_guided_condition_failure,completed,False,0.5,59.84114623069763,C:\SILVER\archive\silver_track_d_replanning_attribution_20260527\ablation_300\data\Semantic\select_book_semantic\example62,2026-06-01 20:05:47
102,Semantic/select_book_semantic/example67,C1_qwen_guided_condition_failure,R4,C3_entity_mapping_failure,not_run_conversion_failed,,,,C:\SILVER\archive\silver_track_d_replanning_attribution_20260527\ablation_300\data\Semantic\select_book_semantic\example67,2026-06-01 20:05:47
103,Semantic/select_book_semantic/example78,C1_qwen_guided_condition_failure,R4,C0_qwen_guided_success,completed,True,1.0,59.64029264450073,C:\SILVER\archive\silver_track_d_replanning_attribution_20260527\ablation_300\data\Semantic\select_book_semantic\example78,2026-06-01 20:06:49
104,Semantic/select_book_semantic/example83,C1_qwen_guided_condition_failure,R4,C3_entity_mapping_failure,not_run_conversion_failed,,,,C:\SILVER\archive\silver_track_d_replanning_attribution_20260527\ablation_300\data\Semantic\select_book_semantic\example83,2026-06-01 20:06:49
105,Semantic/select_book_semantic/example94,C1_qwen_guided_condition_failure,R4,C1_qwen_guided_condition_failure,completed,False,0.5,66.95006227493286,C:\SILVER\archive\silver_track_d_replanning_attribution_20260527\ablation_300\data\Semantic\select_book_semantic\example94,2026-06-01 20:07:58
106,Semantic/select_book_semantic/example96,C1_qwen_guided_condition_failure,R4,C3_entity_mapping_failure,not_run_conversion_failed,,,,C:\SILVER\archive\silver_track_d_replanning_attribution_20260527\ablation_300\data\Semantic\select_book_semantic\example96,2026-06-01 20:07:58
107,Semantic/select_chemistry_tube_semantic/example5,C1_qwen_guided_condition_failure,R4,C0_qwen_guided_success,completed,True,1.0,56.925952672958374,C:\SILVER\archive\silver_track_d_replanning_attribution_20260527\ablation_300\data\Semantic\select_chemistry_tube_semantic\example5,2026-06-01 20:08:58
108,Semantic/select_chemistry_tube_semantic/example78,C1_qwen_guided_condition_failure,R4,C0_qwen_guided_success,completed,True,1.0,60.513798236846924,C:\SILVER\archive\silver_track_d_replanning_attribution_20260527\ablation_300\data\Semantic\select_chemistry_tube_semantic\example78,2026-06-01 20:10:01
109,Semantic/select_drink_semantic/example13,C1_qwen_guided_condition_failure,R4,C3_entity_mapping_failure,not_run_conversion_failed,,,,C:\SILVER\archive\silver_track_d_replanning_attribution_20260527\ablation_300\data\Semantic\select_drink_semantic\example13,2026-06-01 20:10:01
110,Semantic/select_drink_semantic/example42,C1_qwen_guided_condition_failure,R4,C3_entity_mapping_failure,not_run_conversion_failed,,,,C:\SILVER\archive\silver_track_d_replanning_attribution_20260527\ablation_300\data\Semantic\select_drink_semantic\example42,2026-06-01 20:10:01
111,Semantic/select_drink_semantic/example55,C1_qwen_guided_condition_failure,R4,C1_qwen_guided_condition_failure,completed,False,0.5,77.98799014091492,C:\SILVER\archive\silver_track_d_replanning_attribution_20260527\ablation_300\data\Semantic\select_drink_semantic\example55,2026-06-01 20:11:22
112,Semantic/select_drink_semantic/example64,C1_qwen_guided_condition_failure,R4,C3_entity_mapping_failure,not_run_conversion_failed,,,,C:\SILVER\archive\silver_track_d_replanning_attribution_20260527\ablation_300\data\Semantic\select_drink_semantic\example64,2026-06-01 20:11:22
113,Semantic/select_drink_semantic/example70,C1_qwen_guided_condition_failure,R4,C1_qwen_guided_condition_failure,completed,False,0.0,74.68113493919373,C:\SILVER\archive\silver_track_d_replanning_attribution_20260527\ablation_300\data\Semantic\select_drink_semantic\example70,2026-06-01 20:12:39
114,Semantic/select_drink_semantic/example93,C1_qwen_guided_condition_failure,R4,C1_qwen_guided_condition_failure,completed,False,0.5,74.56017208099365,C:\SILVER\archive\silver_track_d_replanning_attribution_20260527\ablation_300\data\Semantic\select_drink_semantic\example93,2026-06-01 20:13:56
115,Semantic/select_drink_semantic/example95,C1_qwen_guided_condition_failure,R4,C3_entity_mapping_failure,not_run_conversion_failed,,,,C:\SILVER\archive\silver_track_d_replanning_attribution_20260527\ablation_300\data\Semantic\select_drink_semantic\example95,2026-06-01 20:13:56
116,Semantic/select_fruit_semantic/example37,C1_qwen_guided_condition_failure,R4,C0_qwen_guided_success,completed,True,1.0,98.99450039863586,C:\SILVER\archive\silver_track_d_replanning_attribution_20260527\ablation_300\data\Semantic\select_fruit_semantic\example37,2026-06-01 20:15:39
117,Semantic/select_poker_semantic/example12,C1_qwen_guided_condition_failure,R4,C0_qwen_guided_success,completed,True,1.0,68.70655155181885,C:\SILVER\archive\silver_track_d_replanning_attribution_20260527\ablation_300\data\Semantic\select_poker_semantic\example12,2026-06-01 20:16:50
118,Semantic/select_poker_semantic/example16,C1_qwen_guided_condition_failure,R4,C0_qwen_guided_success,completed,True,1.0,92.42514681816101,C:\SILVER\archive\silver_track_d_replanning_attribution_20260527\ablation_300\data\Semantic\select_poker_semantic\example16,2026-06-01 20:18:25
119,Semantic/select_poker_semantic/example18,C1_qwen_guided_condition_failure,R4,C0_qwen_guided_success,completed,True,1.0,95.10233616828918,C:\SILVER\archive\silver_track_d_replanning_attribution_20260527\ablation_300\data\Semantic\select_poker_semantic\example18,2026-06-01 20:20:04
120,Semantic/select_poker_semantic/example36,C1_qwen_guided_condition_failure,R4,C0_qwen_guided_success,completed,True,1.0,61.36503577232361,C:\SILVER\archive\silver_track_d_replanning_attribution_20260527\ablation_300\data\Semantic\select_poker_semantic\example36,2026-06-01 20:21:07
121,Semantic/select_poker_semantic/example46,C1_qwen_guided_condition_failure,R4,C1_qwen_guided_condition_failure,completed,False,0.3333333333333333,100.60197186470032,C:\SILVER\archive\silver_track_d_replanning_attribution_20260527\ablation_300\data\Semantic\select_poker_semantic\example46,2026-06-01 20:22:50
122,Semantic/select_poker_semantic/example47,C1_qwen_guided_condition_failure,R4,C0_qwen_guided_success,completed,True,1.0,63.077300786972046,C:\SILVER\archive\silver_track_d_replanning_attribution_20260527\ablation_300\data\Semantic\select_poker_semantic\example47,2026-06-01 20:23:56
123,Semantic/select_poker_semantic/example62,C1_qwen_guided_condition_failure,R4,C3_entity_mapping_failure,not_run_conversion_failed,,,,C:\SILVER\archive\silver_track_d_replanning_attribution_20260527\ablation_300\data\Semantic\select_poker_semantic\example62,2026-06-01 20:23:56
124,Semantic/select_poker_semantic/example65,C1_qwen_guided_condition_failure,R4,C2_qwen_conversion_failure,not_run_conversion_failed,,,,C:\SILVER\archive\silver_track_d_replanning_attribution_20260527\ablation_300\data\Semantic\select_poker_semantic\example65,2026-06-01 20:23:56
125,Semantic/select_poker_semantic/example70,C1_qwen_guided_condition_failure,R4,C0_qwen_guided_success,completed,True,1.0,89.0544924736023,C:\SILVER\archive\silver_track_d_replanning_attribution_20260527\ablation_300\data\Semantic\select_poker_semantic\example70,2026-06-01 20:25:28
126,Semantic/select_poker_semantic/example72,C1_qwen_guided_condition_failure,R4,C0_qwen_guided_success,completed,True,1.0,74.12801194190979,C:\SILVER\archive\silver_track_d_replanning_attribution_20260527\ablation_300\data\Semantic\select_poker_semantic\example72,2026-06-01 20:26:45
127,Semantic/select_poker_semantic/example73,C1_qwen_guided_condition_failure,R4,C1_qwen_guided_condition_failure,completed,False,0.3333333333333333,99.21221375465393,C:\SILVER\archive\silver_track_d_replanning_attribution_20260527\ablation_300\data\Semantic\select_poker_semantic\example73,2026-06-01 20:28:28
128,Semantic/select_poker_semantic/example82,C1_qwen_guided_condition_failure,R4,C0_qwen_guided_success,completed,True,1.0,80.35701704025269,C:\SILVER\archive\silver_track_d_replanning_attribution_20260527\ablation_300\data\Semantic\select_poker_semantic\example82,2026-06-01 20:29:50
129,Semantic/select_poker_semantic/example83,C1_qwen_guided_condition_failure,R4,C0_qwen_guided_success,completed,True,1.0,67.93999528884888,C:\SILVER\archive\silver_track_d_replanning_attribution_20260527\ablation_300\data\Semantic\select_poker_semantic\example83,2026-06-01 20:31:01
130,Semantic/select_poker_semantic/example91,C1_qwen_guided_condition_failure,R4,C0_qwen_guided_success,completed,True,1.0,76.01068139076233,C:\SILVER\archive\silver_track_d_replanning_attribution_20260527\ablation_300\data\Semantic\select_poker_semantic\example91,2026-06-01 20:32:20
131,Semantic/select_poker_semantic/example92,C1_qwen_guided_condition_failure,R4,C0_qwen_guided_success,completed,True,1.0,110.68415021896362,C:\SILVER\archive\silver_track_d_replanning_attribution_20260527\ablation_300\data\Semantic\select_poker_semantic\example92,2026-06-01 20:34:13
132,Semantic/select_toy_semantic/example42,C1_qwen_guided_condition_failure,R4,C0_qwen_guided_success,completed,True,1.0,165.60305905342102,C:\SILVER\archive\silver_track_d_replanning_attribution_20260527\ablation_300\data\Semantic\select_toy_semantic\example42,2026-06-01 20:37:02
133,Semantic/select_toy_semantic/example84,C1_qwen_guided_condition_failure,R4,C1_qwen_guided_condition_failure,completed,False,0.5,109.5796115398407,C:\SILVER\archive\silver_track_d_replanning_attribution_20260527\ablation_300\data\Semantic\select_toy_semantic\example84,2026-06-01 20:38:55
134,Semantic/select_toy_semantic/example91,C1_qwen_guided_condition_failure,R4,C1_qwen_guided_condition_failure,completed,False,0.5,132.36597681045532,C:\SILVER\archive\silver_track_d_replanning_attribution_20260527\ablation_300\data\Semantic\select_toy_semantic\example91,2026-06-01 20:41:10
135,Spatial/insert_bloom_flower/example29,C1_qwen_guided_condition_failure,R4,C0_qwen_guided_success,completed,True,1.0,125.63287663459778,C:\SILVER\archive\silver_track_d_replanning_attribution_20260527\ablation_300\data\Spatial\insert_bloom_flower\example29,2026-06-01 20:43:18
136,Spatial/insert_bloom_flower/example39,C1_qwen_guided_condition_failure,R4,C0_qwen_guided_success,completed,True,1.0,123.59540295600891,C:\SILVER\archive\silver_track_d_replanning_attribution_20260527\ablation_300\data\Spatial\insert_bloom_flower\example39,2026-06-01 20:45:25
137,Spatial/insert_bloom_flower/example40,C1_qwen_guided_condition_failure,R4,C1_qwen_guided_condition_failure,completed,False,0.5,155.87705039978027,C:\SILVER\archive\silver_track_d_replanning_attribution_20260527\ablation_300\data\Spatial\insert_bloom_flower\example40,2026-06-01 20:48:04
138,Spatial/insert_bloom_flower/example60,C1_qwen_guided_condition_failure,R4,C0_qwen_guided_success,completed,True,1.0,126.14871573448181,C:\SILVER\archive\silver_track_d_replanning_attribution_20260527\ablation_300\data\Spatial\insert_bloom_flower\example60,2026-06-01 20:50:13
139,Spatial/insert_bloom_flower/example68,C1_qwen_guided_condition_failure,R4,C0_qwen_guided_success,completed,True,1.0,82.31305360794067,C:\SILVER\archive\silver_track_d_replanning_attribution_20260527\ablation_300\data\Spatial\insert_bloom_flower\example68,2026-06-01 20:51:38
140,Spatial/select_billiards_spatial/example1,C1_qwen_guided_condition_failure,R4,C3_entity_mapping_failure,not_run_conversion_failed,,,,C:\SILVER\archive\silver_track_d_replanning_attribution_20260527\ablation_300\data\Spatial\select_billiards_spatial\example1,2026-06-01 20:51:38
141,Spatial/select_billiards_spatial/example28,C1_qwen_guided_condition_failure,R4,C3_entity_mapping_failure,not_run_conversion_failed,,,,C:\SILVER\archive\silver_track_d_replanning_attribution_20260527\ablation_300\data\Spatial\select_billiards_spatial\example28,2026-06-01 20:51:38
142,Spatial/select_billiards_spatial/example4,C1_qwen_guided_condition_failure,R4,C3_entity_mapping_failure,not_run_conversion_failed,,,,C:\SILVER\archive\silver_track_d_replanning_attribution_20260527\ablation_300\data\Spatial\select_billiards_spatial\example4,2026-06-01 20:51:38
143,Spatial/select_billiards_spatial/example44,C1_qwen_guided_condition_failure,R4,C3_entity_mapping_failure,not_run_conversion_failed,,,,C:\SILVER\archive\silver_track_d_replanning_attribution_20260527\ablation_300\data\Spatial\select_billiards_spatial\example44,2026-06-01 20:51:38
144,Spatial/select_billiards_spatial/example50,C1_qwen_guided_condition_failure,R4,C3_entity_mapping_failure,not_run_conversion_failed,,,,C:\SILVER\archive\silver_track_d_replanning_attribution_20260527\ablation_300\data\Spatial\select_billiards_spatial\example50,2026-06-01 20:51:38
145,Spatial/select_billiards_spatial/example85,C1_qwen_guided_condition_failure,R4,C3_entity_mapping_failure,not_run_conversion_failed,,,,C:\SILVER\archive\silver_track_d_replanning_attribution_20260527\ablation_300\data\Spatial\select_billiards_spatial\example85,2026-06-01 20:51:38
146,Spatial/select_billiards_spatial/example89,C1_qwen_guided_condition_failure,R4,C3_entity_mapping_failure,not_run_conversion_failed,,,,C:\SILVER\archive\silver_track_d_replanning_attribution_20260527\ablation_300\data\Spatial\select_billiards_spatial\example89,2026-06-01 20:51:38
147,Spatial/select_book_spatial/example0,C1_qwen_guided_condition_failure,R4,C1_qwen_guided_condition_failure,completed,False,0.5,70.21400117874146,C:\SILVER\archive\silver_track_d_replanning_attribution_20260527\ablation_300\data\Spatial\select_book_spatial\example0,2026-06-01 20:52:51
148,Spatial/select_book_spatial/example13,C1_qwen_guided_condition_failure,R4,C0_qwen_guided_success,completed,True,1.0,55.374194860458374,C:\SILVER\archive\silver_track_d_replanning_attribution_20260527\ablation_300\data\Spatial\select_book_spatial\example13,2026-06-01 20:53:48
149,Spatial/select_book_spatial/example24,C1_qwen_guided_condition_failure,R4,C0_qwen_guided_success,completed,True,1.0,64.58045220375061,C:\SILVER\archive\silver_track_d_replanning_attribution_20260527\ablation_300\data\Spatial\select_book_spatial\example24,2026-06-01 20:54:56
150,Spatial/select_book_spatial/example30,C1_qwen_guided_condition_failure,R4,C1_qwen_guided_condition_failure,completed,False,0.5,75.72308850288391,C:\SILVER\archive\silver_track_d_replanning_attribution_20260527\ablation_300\data\Spatial\select_book_spatial\example30,2026-06-01 20:56:14
151,Spatial/select_book_spatial/example33,C1_qwen_guided_condition_failure,R4,C1_qwen_guided_condition_failure,completed,False,0.5,77.67076396942139,C:\SILVER\archive\silver_track_d_replanning_attribution_20260527\ablation_300\data\Spatial\select_book_spatial\example33,2026-06-01 20:57:35
152,Spatial/select_book_spatial/example34,C1_qwen_guided_condition_failure,R4,C1_qwen_guided_condition_failure,completed,False,0.5,87.26377201080322,C:\SILVER\archive\silver_track_d_replanning_attribution_20260527\ablation_300\data\Spatial\select_book_spatial\example34,2026-06-01 20:59:05
153,Spatial/select_book_spatial/example47,C1_qwen_guided_condition_failure,R4,C0_qwen_guided_success,completed,True,1.0,64.05260634422302,C:\SILVER\archive\silver_track_d_replanning_attribution_20260527\ablation_300\data\Spatial\select_book_spatial\example47,2026-06-01 21:00:11
154,Spatial/select_book_spatial/example59,C1_qwen_guided_condition_failure,R4,C1_qwen_guided_condition_failure,completed,False,0.0,68.78658485412598,C:\SILVER\archive\silver_track_d_replanning_attribution_20260527\ablation_300\data\Spatial\select_book_spatial\example59,2026-06-01 21:01:23
155,Spatial/select_book_spatial/example61,C1_qwen_guided_condition_failure,R4,C1_qwen_guided_condition_failure,completed,False,0.0,86.16707277297974,C:\SILVER\archive\silver_track_d_replanning_attribution_20260527\ablation_300\data\Spatial\select_book_spatial\example61,2026-06-01 21:02:52
156,Spatial/select_book_spatial/example72,C1_qwen_guided_condition_failure,R4,C1_qwen_guided_condition_failure,completed,False,0.5,64.18084692955017,C:\SILVER\archive\silver_track_d_replanning_attribution_20260527\ablation_300\data\Spatial\select_book_spatial\example72,2026-06-01 21:03:59
157,Spatial/select_book_spatial/example8,C1_qwen_guided_condition_failure,R4,C1_qwen_guided_condition_failure,completed,False,0.5,60.96239113807678,C:\SILVER\archive\silver_track_d_replanning_attribution_20260527\ablation_300\data\Spatial\select_book_spatial\example8,2026-06-01 21:05:02
158,Spatial/select_book_spatial/example81,C1_qwen_guided_condition_failure,R4,C1_qwen_guided_condition_failure,completed,False,0.5,75.83686327934265,C:\SILVER\archive\silver_track_d_replanning_attribution_20260527\ablation_300\data\Spatial\select_book_spatial\example81,2026-06-01 21:06:21
159,Spatial/select_book_spatial/example85,C1_qwen_guided_condition_failure,R4,C3_entity_mapping_failure,not_run_conversion_failed,,,,C:\SILVER\archive\silver_track_d_replanning_attribution_20260527\ablation_300\data\Spatial\select_book_spatial\example85,2026-06-01 21:06:21
160,Spatial/select_book_spatial/example89,C1_qwen_guided_condition_failure,R4,C1_qwen_guided_condition_failure,completed,False,0.5,81.18191313743591,C:\SILVER\archive\silver_track_d_replanning_attribution_20260527\ablation_300\data\Spatial\select_book_spatial\example89,2026-06-01 21:07:45
161,Spatial/select_chemistry_tube_spatial/example14,C1_qwen_guided_condition_failure,R4,C1_qwen_guided_condition_failure,completed,False,0.5,69.55174016952515,C:\SILVER\archive\silver_track_d_replanning_attribution_20260527\ablation_300\data\Spatial\select_chemistry_tube_spatial\example14,2026-06-01 21:08:56
162,Spatial/select_chemistry_tube_spatial/example16,C1_qwen_guided_condition_failure,R4,C1_qwen_guided_condition_failure,completed,False,0.5,58.81272339820862,C:\SILVER\archive\silver_track_d_replanning_attribution_20260527\ablation_300\data\Spatial\select_chemistry_tube_spatial\example16,2026-06-01 21:09:58
163,Spatial/select_chemistry_tube_spatial/example20,C1_qwen_guided_condition_failure,R4,C2_qwen_conversion_failure,not_run_conversion_failed,,,,C:\SILVER\archive\silver_track_d_replanning_attribution_20260527\ablation_300\data\Spatial\select_chemistry_tube_spatial\example20,2026-06-01 21:09:58
164,Spatial/select_chemistry_tube_spatial/example24,C1_qwen_guided_condition_failure,R4,C1_qwen_guided_condition_failure,completed,False,0.5,66.82696008682251,C:\SILVER\archive\silver_track_d_replanning_attribution_20260527\ablation_300\data\Spatial\select_chemistry_tube_spatial\example24,2026-06-01 21:11:07
165,Spatial/select_chemistry_tube_spatial/example26,C1_qwen_guided_condition_failure,R4,C1_qwen_guided_condition_failure,completed,False,0.5,59.63171195983887,C:\SILVER\archive\silver_track_d_replanning_attribution_20260527\ablation_300\data\Spatial\select_chemistry_tube_spatial\example26,2026-06-01 21:12:09
166,Spatial/select_chemistry_tube_spatial/example29,C1_qwen_guided_condition_failure,R4,C1_qwen_guided_condition_failure,completed,False,0.5,62.79792070388794,C:\SILVER\archive\silver_track_d_replanning_attribution_20260527\ablation_300\data\Spatial\select_chemistry_tube_spatial\example29,2026-06-01 21:13:14
167,Spatial/select_chemistry_tube_spatial/example31,C1_qwen_guided_condition_failure,R4,C1_qwen_guided_condition_failure,completed,False,0.5,64.17667198181152,C:\SILVER\archive\silver_track_d_replanning_attribution_20260527\ablation_300\data\Spatial\select_chemistry_tube_spatial\example31,2026-06-01 21:14:21
168,Spatial/select_chemistry_tube_spatial/example33,C1_qwen_guided_condition_failure,R4,C1_qwen_guided_condition_failure,completed,False,0.5,60.75859022140503,C:\SILVER\archive\silver_track_d_replanning_attribution_20260527\ablation_300\data\Spatial\select_chemistry_tube_spatial\example33,2026-06-01 21:15:24
169,Spatial/select_chemistry_tube_spatial/example35,C1_qwen_guided_condition_failure,R4,C1_qwen_guided_condition_failure,completed,False,0.5,58.29758954048157,C:\SILVER\archive\silver_track_d_replanning_attribution_20260527\ablation_300\data\Spatial\select_chemistry_tube_spatial\example35,2026-06-01 21:16:26
170,Spatial/select_chemistry_tube_spatial/example38,C1_qwen_guided_condition_failure,R4,C1_qwen_guided_condition_failure,completed,False,0.5,55.607460737228394,C:\SILVER\archive\silver_track_d_replanning_attribution_20260527\ablation_300\data\Spatial\select_chemistry_tube_spatial\example38,2026-06-01 21:17:24
171,Spatial/select_chemistry_tube_spatial/example45,C1_qwen_guided_condition_failure,R4,C3_entity_mapping_failure,not_run_conversion_failed,,,,C:\SILVER\archive\silver_track_d_replanning_attribution_20260527\ablation_300\data\Spatial\select_chemistry_tube_spatial\example45,2026-06-01 21:17:24
172,Spatial/select_chemistry_tube_spatial/example52,C1_qwen_guided_condition_failure,R4,C1_qwen_guided_condition_failure,completed,False,0.5,56.07295823097229,C:\SILVER\archive\silver_track_d_replanning_attribution_20260527\ablation_300\data\Spatial\select_chemistry_tube_spatial\example52,2026-06-01 21:18:23
173,Spatial/select_chemistry_tube_spatial/example53,C1_qwen_guided_condition_failure,R4,C1_qwen_guided_condition_failure,completed,False,0.5,61.804879903793335,C:\SILVER\archive\silver_track_d_replanning_attribution_20260527\ablation_300\data\Spatial\select_chemistry_tube_spatial\example53,2026-06-01 21:19:27
174,Spatial/select_chemistry_tube_spatial/example55,C1_qwen_guided_condition_failure,R4,C1_qwen_guided_condition_failure,completed,False,0.5,57.90546917915344,C:\SILVER\archive\silver_track_d_replanning_attribution_20260527\ablation_300\data\Spatial\select_chemistry_tube_spatial\example55,2026-06-01 21:20:28
175,Spatial/select_chemistry_tube_spatial/example60,C1_qwen_guided_condition_failure,R4,C1_qwen_guided_condition_failure,completed,False,0.5,57.31917214393616,C:\SILVER\archive\silver_track_d_replanning_attribution_20260527\ablation_300\data\Spatial\select_chemistry_tube_spatial\example60,2026-06-01 21:21:28
176,Spatial/select_chemistry_tube_spatial/example63,C1_qwen_guided_condition_failure,R4,C1_qwen_guided_condition_failure,completed,False,0.5,56.68986177444458,C:\SILVER\archive\silver_track_d_replanning_attribution_20260527\ablation_300\data\Spatial\select_chemistry_tube_spatial\example63,2026-06-01 21:22:27
177,Spatial/select_chemistry_tube_spatial/example64,C1_qwen_guided_condition_failure,R4,C1_qwen_guided_condition_failure,completed,False,0.5,54.1542911529541,C:\SILVER\archive\silver_track_d_replanning_attribution_20260527\ablation_300\data\Spatial\select_chemistry_tube_spatial\example64,2026-06-01 21:23:24
178,Spatial/select_chemistry_tube_spatial/example68,C1_qwen_guided_condition_failure,R4,C3_entity_mapping_failure,not_run_conversion_failed,,,,C:\SILVER\archive\silver_track_d_replanning_attribution_20260527\ablation_300\data\Spatial\select_chemistry_tube_spatial\example68,2026-06-01 21:23:24
179,Spatial/select_chemistry_tube_spatial/example70,C1_qwen_guided_condition_failure,R4,C1_qwen_guided_condition_failure,completed,False,0.5,59.4857017993927,C:\SILVER\archive\silver_track_d_replanning_attribution_20260527\ablation_300\data\Spatial\select_chemistry_tube_spatial\example70,2026-06-01 21:24:25
180,Spatial/select_chemistry_tube_spatial/example79,C1_qwen_guided_condition_failure,R4,C1_qwen_guided_condition_failure,completed,False,0.5,62.85490584373474,C:\SILVER\archive\silver_track_d_replanning_attribution_20260527\ablation_300\data\Spatial\select_chemistry_tube_spatial\example79,2026-06-01 21:25:31
181,Spatial/select_chemistry_tube_spatial/example80,C1_qwen_guided_condition_failure,R4,C1_qwen_guided_condition_failure,completed,False,0.5,64.70395469665527,C:\SILVER\archive\silver_track_d_replanning_attribution_20260527\ablation_300\data\Spatial\select_chemistry_tube_spatial\example80,2026-06-01 21:26:39
182,Spatial/select_chemistry_tube_spatial/example82,C1_qwen_guided_condition_failure,R4,C1_qwen_guided_condition_failure,completed,False,0.5,63.65009570121765,C:\SILVER\archive\silver_track_d_replanning_attribution_20260527\ablation_300\data\Spatial\select_chemistry_tube_spatial\example82,2026-06-01 21:27:46
183,Spatial/select_chemistry_tube_spatial/example94,C1_qwen_guided_condition_failure,R4,C1_qwen_guided_condition_failure,completed,False,0.5,62.09037208557129,C:\SILVER\archive\silver_track_d_replanning_attribution_20260527\ablation_300\data\Spatial\select_chemistry_tube_spatial\example94,2026-06-01 21:28:50
184,Spatial/select_chemistry_tube_spatial/example97,C1_qwen_guided_condition_failure,R4,C1_qwen_guided_condition_failure,completed,False,0.5,53.65043020248413,C:\SILVER\archive\silver_track_d_replanning_attribution_20260527\ablation_300\data\Spatial\select_chemistry_tube_spatial\example97,2026-06-01 21:29:47
185,Spatial/select_poker_spatial/example10,C1_qwen_guided_condition_failure,R4,C1_qwen_guided_condition_failure,completed,False,0.3333333333333333,100.2546501159668,C:\SILVER\archive\silver_track_d_replanning_attribution_20260527\ablation_300\data\Spatial\select_poker_spatial\example10,2026-06-01 21:31:30
186,Spatial/select_poker_spatial/example18,C1_qwen_guided_condition_failure,R4,C3_entity_mapping_failure,not_run_conversion_failed,,,,C:\SILVER\archive\silver_track_d_replanning_attribution_20260527\ablation_300\data\Spatial\select_poker_spatial\example18,2026-06-01 21:31:30
187,Spatial/select_poker_spatial/example2,C1_qwen_guided_condition_failure,R4,C1_qwen_guided_condition_failure,completed,False,0.3333333333333333,106.25026059150696,C:\SILVER\archive\silver_track_d_replanning_attribution_20260527\ablation_300\data\Spatial\select_poker_spatial\example2,2026-06-01 21:33:18
188,Spatial/select_poker_spatial/example33,C1_qwen_guided_condition_failure,R4,C1_qwen_guided_condition_failure,completed,False,0.3333333333333333,112.12221074104309,C:\SILVER\archive\silver_track_d_replanning_attribution_20260527\ablation_300\data\Spatial\select_poker_spatial\example33,2026-06-01 21:35:13
189,Spatial/select_poker_spatial/example40,C1_qwen_guided_condition_failure,R4,C3_entity_mapping_failure,not_run_conversion_failed,,,,C:\SILVER\archive\silver_track_d_replanning_attribution_20260527\ablation_300\data\Spatial\select_poker_spatial\example40,2026-06-01 21:35:13
190,Spatial/select_poker_spatial/example49,C1_qwen_guided_condition_failure,R4,C1_qwen_guided_condition_failure,completed,False,0.3333333333333333,101.63594055175781,C:\SILVER\archive\silver_track_d_replanning_attribution_20260527\ablation_300\data\Spatial\select_poker_spatial\example49,2026-06-01 21:36:57
191,Spatial/select_poker_spatial/example66,C1_qwen_guided_condition_failure,R4,C3_entity_mapping_failure,not_run_conversion_failed,,,,C:\SILVER\archive\silver_track_d_replanning_attribution_20260527\ablation_300\data\Spatial\select_poker_spatial\example66,2026-06-01 21:36:57
192,Spatial/select_poker_spatial/example79,C1_qwen_guided_condition_failure,R4,C1_qwen_guided_condition_failure,completed,False,0.3333333333333333,102.96607279777527,C:\SILVER\archive\silver_track_d_replanning_attribution_20260527\ablation_300\data\Spatial\select_poker_spatial\example79,2026-06-01 21:38:43
193,Spatial/select_poker_spatial/example8,C1_qwen_guided_condition_failure,R4,C1_qwen_guided_condition_failure,completed,False,0.3333333333333333,97.081307888031,C:\SILVER\archive\silver_track_d_replanning_attribution_20260527\ablation_300\data\Spatial\select_poker_spatial\example8,2026-06-01 21:40:23
194,Spatial/select_poker_spatial/example89,C1_qwen_guided_condition_failure,R4,C1_qwen_guided_condition_failure,completed,False,0.3333333333333333,118.09898900985718,C:\SILVER\archive\silver_track_d_replanning_attribution_20260527\ablation_300\data\Spatial\select_poker_spatial\example89,2026-06-01 21:42:24
195,Spatial/select_poker_spatial/example93,C1_qwen_guided_condition_failure,R4,C1_qwen_guided_condition_failure,completed,False,0.3333333333333333,97.05126309394836,C:\SILVER\archive\silver_track_d_replanning_attribution_20260527\ablation_300\data\Spatial\select_poker_spatial\example93,2026-06-01 21:44:03
196,Spatial/select_poker_spatial/example97,C1_qwen_guided_condition_failure,R4,C1_qwen_guided_condition_failure,completed,False,0.3333333333333333,88.16255044937134,C:\SILVER\archive\silver_track_d_replanning_attribution_20260527\ablation_300\data\Spatial\select_poker_spatial\example97,2026-06-01 21:45:34
197,Spatial/select_poker_spatial/example98,C1_qwen_guided_condition_failure,R4,C1_qwen_guided_condition_failure,completed,False,0.3333333333333333,88.87170267105103,C:\SILVER\archive\silver_track_d_replanning_attribution_20260527\ablation_300\data\Spatial\select_poker_spatial\example98,2026-06-01 21:47:06
198,Spatial/select_toy_spatial/example13,C1_qwen_guided_condition_failure,R4,C3_entity_mapping_failure,not_run_conversion_failed,,,,C:\SILVER\archive\silver_track_d_replanning_attribution_20260527\ablation_300\data\Spatial\select_toy_spatial\example13,2026-06-01 21:47:06
199,Spatial/select_toy_spatial/example14,C1_qwen_guided_condition_failure,R4,C3_entity_mapping_failure,not_run_conversion_failed,,,,C:\SILVER\archive\silver_track_d_replanning_attribution_20260527\ablation_300\data\Spatial\select_toy_spatial\example14,2026-06-01 21:47:06
200,Spatial/select_toy_spatial/example23,C1_qwen_guided_condition_failure,R4,C3_entity_mapping_failure,not_run_conversion_failed,,,,C:\SILVER\archive\silver_track_d_replanning_attribution_20260527\ablation_300\data\Spatial\select_toy_spatial\example23,2026-06-01 21:47:06
201,Spatial/select_toy_spatial/example3,C1_qwen_guided_condition_failure,R4,C3_entity_mapping_failure,not_run_conversion_failed,,,,C:\SILVER\archive\silver_track_d_replanning_attribution_20260527\ablation_300\data\Spatial\select_toy_spatial\example3,2026-06-01 21:47:06
202,Spatial/select_toy_spatial/example33,C1_qwen_guided_condition_failure,R4,C3_entity_mapping_failure,not_run_conversion_failed,,,,C:\SILVER\archive\silver_track_d_replanning_attribution_20260527\ablation_300\data\Spatial\select_toy_spatial\example33,2026-06-01 21:47:06
203,Spatial/select_toy_spatial/example34,C1_qwen_guided_condition_failure,R4,C3_entity_mapping_failure,not_run_conversion_failed,,,,C:\SILVER\archive\silver_track_d_replanning_attribution_20260527\ablation_300\data\Spatial\select_toy_spatial\example34,2026-06-01 21:47:06
204,Spatial/select_toy_spatial/example35,C1_qwen_guided_condition_failure,R4,C3_entity_mapping_failure,not_run_conversion_failed,,,,C:\SILVER\archive\silver_track_d_replanning_attribution_20260527\ablation_300\data\Spatial\select_toy_spatial\example35,2026-06-01 21:47:06
205,Spatial/select_toy_spatial/example42,C1_qwen_guided_condition_failure,R4,C3_entity_mapping_failure,not_run_conversion_failed,,,,C:\SILVER\archive\silver_track_d_replanning_attribution_20260527\ablation_300\data\Spatial\select_toy_spatial\example42,2026-06-01 21:47:06
206,Spatial/select_toy_spatial/example44,C1_qwen_guided_condition_failure,R4,C3_entity_mapping_failure,not_run_conversion_failed,,,,C:\SILVER\archive\silver_track_d_replanning_attribution_20260527\ablation_300\data\Spatial\select_toy_spatial\example44,2026-06-01 21:47:06
207,Spatial/select_toy_spatial/example51,C1_qwen_guided_condition_failure,R4,C3_entity_mapping_failure,not_run_conversion_failed,,,,C:\SILVER\archive\silver_track_d_replanning_attribution_20260527\ablation_300\data\Spatial\select_toy_spatial\example51,2026-06-01 21:47:06
208,Spatial/select_toy_spatial/example52,C1_qwen_guided_condition_failure,R4,C3_entity_mapping_failure,not_run_conversion_failed,,,,C:\SILVER\archive\silver_track_d_replanning_attribution_20260527\ablation_300\data\Spatial\select_toy_spatial\example52,2026-06-01 21:47:06
209,Spatial/select_toy_spatial/example53,C1_qwen_guided_condition_failure,R4,C3_entity_mapping_failure,not_run_conversion_failed,,,,C:\SILVER\archive\silver_track_d_replanning_attribution_20260527\ablation_300\data\Spatial\select_toy_spatial\example53,2026-06-01 21:47:06
210,Spatial/select_toy_spatial/example55,C1_qwen_guided_condition_failure,R4,C3_entity_mapping_failure,not_run_conversion_failed,,,,C:\SILVER\archive\silver_track_d_replanning_attribution_20260527\ablation_300\data\Spatial\select_toy_spatial\example55,2026-06-01 21:47:06
211,Spatial/select_toy_spatial/example58,C1_qwen_guided_condition_failure,R4,C3_entity_mapping_failure,not_run_conversion_failed,,,,C:\SILVER\archive\silver_track_d_replanning_attribution_20260527\ablation_300\data\Spatial\select_toy_spatial\example58,2026-06-01 21:47:06
212,Spatial/select_toy_spatial/example61,C1_qwen_guided_condition_failure,R4,C3_entity_mapping_failure,not_run_conversion_failed,,,,C:\SILVER\archive\silver_track_d_replanning_attribution_20260527\ablation_300\data\Spatial\select_toy_spatial\example61,2026-06-01 21:47:06
213,Spatial/select_toy_spatial/example70,C1_qwen_guided_condition_failure,R4,C3_entity_mapping_failure,not_run_conversion_failed,,,,C:\SILVER\archive\silver_track_d_replanning_attribution_20260527\ablation_300\data\Spatial\select_toy_spatial\example70,2026-06-01 21:47:06
214,Spatial/select_toy_spatial/example72,C1_qwen_guided_condition_failure,R4,C1_qwen_guided_condition_failure,expert_sequence_error,False,0.0,12.916903495788574,C:\SILVER\archive\silver_track_d_replanning_attribution_20260527\ablation_300\data\Spatial\select_toy_spatial\example72,2026-06-01 21:47:22
215,Spatial/select_toy_spatial/example75,C1_qwen_guided_condition_failure,R4,C3_entity_mapping_failure,not_run_conversion_failed,,,,C:\SILVER\archive\silver_track_d_replanning_attribution_20260527\ablation_300\data\Spatial\select_toy_spatial\example75,2026-06-01 21:47:22
216,Spatial/select_toy_spatial/example78,C1_qwen_guided_condition_failure,R4,C3_entity_mapping_failure,not_run_conversion_failed,,,,C:\SILVER\archive\silver_track_d_replanning_attribution_20260527\ablation_300\data\Spatial\select_toy_spatial\example78,2026-06-01 21:47:22
217,Spatial/select_toy_spatial/example81,C1_qwen_guided_condition_failure,R4,C3_entity_mapping_failure,not_run_conversion_failed,,,,C:\SILVER\archive\silver_track_d_replanning_attribution_20260527\ablation_300\data\Spatial\select_toy_spatial\example81,2026-06-01 21:47:22
218,Spatial/select_toy_spatial/example85,C1_qwen_guided_condition_failure,R4,C1_qwen_guided_condition_failure,expert_sequence_error,False,0.0,13.842425107955933,C:\SILVER\archive\silver_track_d_replanning_attribution_20260527\ablation_300\data\Spatial\select_toy_spatial\example85,2026-06-01 21:47:38
219,Spatial/select_toy_spatial/example86,C1_qwen_guided_condition_failure,R4,C3_entity_mapping_failure,not_run_conversion_failed,,,,C:\SILVER\archive\silver_track_d_replanning_attribution_20260527\ablation_300\data\Spatial\select_toy_spatial\example86,2026-06-01 21:47:38
220,Spatial/select_toy_spatial/example98,C1_qwen_guided_condition_failure,R4,C3_entity_mapping_failure,not_run_conversion_failed,,,,C:\SILVER\archive\silver_track_d_replanning_attribution_20260527\ablation_300\data\Spatial\select_toy_spatial\example98,2026-06-01 21:47:38
221,CommenSence/select_billiards_common_sense/example24,C2_qwen_conversion_failure,R4,C2_qwen_conversion_failure,not_run_conversion_failed,,,,C:\SILVER\archive\silver_track_d_replanning_attribution_20260527\ablation_300\data\CommenSence\select_billiards_common_sense\example24,2026-06-01 21:47:38
222,CommenSence/select_billiards_common_sense/example60,C2_qwen_conversion_failure,R4,C2_qwen_conversion_failure,not_run_conversion_failed,,,,C:\SILVER\archive\silver_track_d_replanning_attribution_20260527\ablation_300\data\CommenSence\select_billiards_common_sense\example60,2026-06-01 21:47:38
223,CommenSence/select_nth_largest_poker/example3,C2_qwen_conversion_failure,R4,C2_qwen_conversion_failure,not_run_conversion_failed,,,,C:\SILVER\archive\silver_track_d_replanning_attribution_20260527\ablation_300\data\CommenSence\select_nth_largest_poker\example3,2026-06-01 21:47:38
224,CommenSence/select_nth_largest_poker/example35,C2_qwen_conversion_failure,R4,C2_qwen_conversion_failure,not_run_conversion_failed,,,,C:\SILVER\archive\silver_track_d_replanning_attribution_20260527\ablation_300\data\CommenSence\select_nth_largest_poker\example35,2026-06-01 21:47:38
225,CommenSence/select_nth_largest_poker/example77,C2_qwen_conversion_failure,R4,C2_qwen_conversion_failure,not_run_conversion_failed,,,,C:\SILVER\archive\silver_track_d_replanning_attribution_20260527\ablation_300\data\CommenSence\select_nth_largest_poker\example77,2026-06-01 21:47:38
226,CommenSence/select_nth_largest_poker/example89,C2_qwen_conversion_failure,R4,C2_qwen_conversion_failure,not_run_conversion_failed,,,,C:\SILVER\archive\silver_track_d_replanning_attribution_20260527\ablation_300\data\CommenSence\select_nth_largest_poker\example89,2026-06-01 21:47:38
227,M&T/select_billiards/example13,C2_qwen_conversion_failure,R4,C2_qwen_conversion_failure,not_run_conversion_failed,,,,C:\SILVER\archive\silver_track_d_replanning_attribution_20260527\ablation_300\data\M&T\select_billiards\example13,2026-06-01 21:47:38
228,M&T/select_billiards/example21,C2_qwen_conversion_failure,R4,C2_qwen_conversion_failure,not_run_conversion_failed,,,,C:\SILVER\archive\silver_track_d_replanning_attribution_20260527\ablation_300\data\M&T\select_billiards\example21,2026-06-01 21:47:38
229,M&T/select_billiards/example41,C2_qwen_conversion_failure,R4,C2_qwen_conversion_failure,not_run_conversion_failed,,,,C:\SILVER\archive\silver_track_d_replanning_attribution_20260527\ablation_300\data\M&T\select_billiards\example41,2026-06-01 21:47:38
230,M&T/select_billiards/example49,C2_qwen_conversion_failure,R4,C2_qwen_conversion_failure,not_run_conversion_failed,,,,C:\SILVER\archive\silver_track_d_replanning_attribution_20260527\ablation_300\data\M&T\select_billiards\example49,2026-06-01 21:47:39
231,M&T/select_billiards/example53,C2_qwen_conversion_failure,R4,C2_qwen_conversion_failure,not_run_conversion_failed,,,,C:\SILVER\archive\silver_track_d_replanning_attribution_20260527\ablation_300\data\M&T\select_billiards\example53,2026-06-01 21:47:39
232,M&T/select_billiards/example92,C2_qwen_conversion_failure,R4,C2_qwen_conversion_failure,not_run_conversion_failed,,,,C:\SILVER\archive\silver_track_d_replanning_attribution_20260527\ablation_300\data\M&T\select_billiards\example92,2026-06-01 21:47:39
233,M&T/select_poker/example10,C2_qwen_conversion_failure,R4,C2_qwen_conversion_failure,not_run_conversion_failed,,,,C:\SILVER\archive\silver_track_d_replanning_attribution_20260527\ablation_300\data\M&T\select_poker\example10,2026-06-01 21:47:39
234,M&T/select_poker/example11,C2_qwen_conversion_failure,R4,C2_qwen_conversion_failure,not_run_conversion_failed,,,,C:\SILVER\archive\silver_track_d_replanning_attribution_20260527\ablation_300\data\M&T\select_poker\example11,2026-06-01 21:47:39
235,M&T/select_poker/example13,C2_qwen_conversion_failure,R4,C2_qwen_conversion_failure,not_run_conversion_failed,,,,C:\SILVER\archive\silver_track_d_replanning_attribution_20260527\ablation_300\data\M&T\select_poker\example13,2026-06-01 21:47:39
236,M&T/select_poker/example15,C2_qwen_conversion_failure,R4,C2_qwen_conversion_failure,not_run_conversion_failed,,,,C:\SILVER\archive\silver_track_d_replanning_attribution_20260527\ablation_300\data\M&T\select_poker\example15,2026-06-01 21:47:39
237,M&T/select_poker/example18,C2_qwen_conversion_failure,R4,C2_qwen_conversion_failure,not_run_conversion_failed,,,,C:\SILVER\archive\silver_track_d_replanning_attribution_20260527\ablation_300\data\M&T\select_poker\example18,2026-06-01 21:47:39
238,M&T/select_poker/example27,C2_qwen_conversion_failure,R4,C2_qwen_conversion_failure,not_run_conversion_failed,,,,C:\SILVER\archive\silver_track_d_replanning_attribution_20260527\ablation_300\data\M&T\select_poker\example27,2026-06-01 21:47:39
239,M&T/select_poker/example31,C2_qwen_conversion_failure,R4,C2_qwen_conversion_failure,not_run_conversion_failed,,,,C:\SILVER\archive\silver_track_d_replanning_attribution_20260527\ablation_300\data\M&T\select_poker\example31,2026-06-01 21:47:39
240,M&T/select_poker/example42,C2_qwen_conversion_failure,R4,C2_qwen_conversion_failure,not_run_conversion_failed,,,,C:\SILVER\archive\silver_track_d_replanning_attribution_20260527\ablation_300\data\M&T\select_poker\example42,2026-06-01 21:47:39
241,M&T/select_poker/example46,C2_qwen_conversion_failure,R4,C2_qwen_conversion_failure,not_run_conversion_failed,,,,C:\SILVER\archive\silver_track_d_replanning_attribution_20260527\ablation_300\data\M&T\select_poker\example46,2026-06-01 21:47:39
242,M&T/select_poker/example50,C2_qwen_conversion_failure,R4,C2_qwen_conversion_failure,not_run_conversion_failed,,,,C:\SILVER\archive\silver_track_d_replanning_attribution_20260527\ablation_300\data\M&T\select_poker\example50,2026-06-01 21:47:39
243,M&T/select_poker/example51,C2_qwen_conversion_failure,R4,C2_qwen_conversion_failure,not_run_conversion_failed,,,,C:\SILVER\archive\silver_track_d_replanning_attribution_20260527\ablation_300\data\M&T\select_poker\example51,2026-06-01 21:47:39
244,M&T/select_poker/example61,C2_qwen_conversion_failure,R4,C2_qwen_conversion_failure,not_run_conversion_failed,,,,C:\SILVER\archive\silver_track_d_replanning_attribution_20260527\ablation_300\data\M&T\select_poker\example61,2026-06-01 21:47:39
245,M&T/select_poker/example67,C2_qwen_conversion_failure,R4,C1_qwen_guided_condition_failure,completed,False,0.3333333333333333,93.61922192573547,C:\SILVER\archive\silver_track_d_replanning_attribution_20260527\ablation_300\data\M&T\select_poker\example67,2026-06-01 21:49:15
246,M&T/select_poker/example75,C2_qwen_conversion_failure,R4,C0_qwen_guided_success,completed,True,1.0,63.815738916397095,C:\SILVER\archive\silver_track_d_replanning_attribution_20260527\ablation_300\data\M&T\select_poker\example75,2026-06-01 21:50:22
247,M&T/select_poker/example76,C2_qwen_conversion_failure,R4,C2_qwen_conversion_failure,not_run_conversion_failed,,,,C:\SILVER\archive\silver_track_d_replanning_attribution_20260527\ablation_300\data\M&T\select_poker\example76,2026-06-01 21:50:22
248,M&T/select_poker/example81,C2_qwen_conversion_failure,R4,C2_qwen_conversion_failure,not_run_conversion_failed,,,,C:\SILVER\archive\silver_track_d_replanning_attribution_20260527\ablation_300\data\M&T\select_poker\example81,2026-06-01 21:50:22
249,M&T/select_poker/example86,C2_qwen_conversion_failure,R4,C2_qwen_conversion_failure,not_run_conversion_failed,,,,C:\SILVER\archive\silver_track_d_replanning_attribution_20260527\ablation_300\data\M&T\select_poker\example86,2026-06-01 21:50:22
250,M&T/select_poker/example89,C2_qwen_conversion_failure,R4,C1_qwen_guided_condition_failure,completed,False,0.3333333333333333,110.11269092559814,C:\SILVER\archive\silver_track_d_replanning_attribution_20260527\ablation_300\data\M&T\select_poker\example89,2026-06-01 21:52:15
251,M&T/select_poker/example90,C2_qwen_conversion_failure,R4,C2_qwen_conversion_failure,not_run_conversion_failed,,,,C:\SILVER\archive\silver_track_d_replanning_attribution_20260527\ablation_300\data\M&T\select_poker\example90,2026-06-01 21:52:15
252,M&T/select_poker/example91,C2_qwen_conversion_failure,R4,C1_qwen_guided_condition_failure,completed,False,0.3333333333333333,107.64551854133606,C:\SILVER\archive\silver_track_d_replanning_attribution_20260527\ablation_300\data\M&T\select_poker\example91,2026-06-01 21:54:06
253,M&T/select_poker/example92,C2_qwen_conversion_failure,R4,C2_qwen_conversion_failure,not_run_conversion_failed,,,,C:\SILVER\archive\silver_track_d_replanning_attribution_20260527\ablation_300\data\M&T\select_poker\example92,2026-06-01 21:54:06
254,M&T/select_poker/example93,C2_qwen_conversion_failure,R4,C1_qwen_guided_condition_failure,completed,False,0.3333333333333333,92.61537837982178,C:\SILVER\archive\silver_track_d_replanning_attribution_20260527\ablation_300\data\M&T\select_poker\example93,2026-06-01 21:55:41
255,M&T/select_poker/example96,C2_qwen_conversion_failure,R4,C2_qwen_conversion_failure,not_run_conversion_failed,,,,C:\SILVER\archive\silver_track_d_replanning_attribution_20260527\ablation_300\data\M&T\select_poker\example96,2026-06-01 21:55:41
256,PhysicsLaw/density_qa/example62,C2_qwen_conversion_failure,R4,C2_qwen_conversion_failure,not_run_conversion_failed,,,,C:\SILVER\archive\silver_track_d_replanning_attribution_20260527\ablation_300\data\PhysicsLaw\density_qa\example62,2026-06-01 21:55:41
257,PhysicsLaw/density_qa/example72,C2_qwen_conversion_failure,R4,C2_qwen_conversion_failure,not_run_conversion_failed,,,,C:\SILVER\archive\silver_track_d_replanning_attribution_20260527\ablation_300\data\PhysicsLaw\density_qa\example72,2026-06-01 21:55:41
258,PhysicsLaw/density_qa/example78,C2_qwen_conversion_failure,R4,C2_qwen_conversion_failure,not_run_conversion_failed,,,,C:\SILVER\archive\silver_track_d_replanning_attribution_20260527\ablation_300\data\PhysicsLaw\density_qa\example78,2026-06-01 21:55:41
259,PhysicsLaw/density_qa/example82,C2_qwen_conversion_failure,R4,C2_qwen_conversion_failure,not_run_conversion_failed,,,,C:\SILVER\archive\silver_track_d_replanning_attribution_20260527\ablation_300\data\PhysicsLaw\density_qa\example82,2026-06-01 21:55:41
260,PhysicsLaw/friction_qa/example56,C2_qwen_conversion_failure,R4,C2_qwen_conversion_failure,not_run_conversion_failed,,,,C:\SILVER\archive\silver_track_d_replanning_attribution_20260527\ablation_300\data\PhysicsLaw\friction_qa\example56,2026-06-01 21:55:41
261,PhysicsLaw/friction_qa/example72,C2_qwen_conversion_failure,R4,C2_qwen_conversion_failure,not_run_conversion_failed,,,,C:\SILVER\archive\silver_track_d_replanning_attribution_20260527\ablation_300\data\PhysicsLaw\friction_qa\example72,2026-06-01 21:55:41
262,PhysicsLaw/friction_qa/example77,C2_qwen_conversion_failure,R4,C2_qwen_conversion_failure,not_run_conversion_failed,,,,C:\SILVER\archive\silver_track_d_replanning_attribution_20260527\ablation_300\data\PhysicsLaw\friction_qa\example77,2026-06-01 21:55:41
263,PhysicsLaw/speed_of_sound_qa/example51,C2_qwen_conversion_failure,R4,C2_qwen_conversion_failure,not_run_conversion_failed,,,,C:\SILVER\archive\silver_track_d_replanning_attribution_20260527\ablation_300\data\PhysicsLaw\speed_of_sound_qa\example51,2026-06-01 21:55:41
264,PhysicsLaw/speed_of_sound_qa/example80,C2_qwen_conversion_failure,R4,C2_qwen_conversion_failure,not_run_conversion_failed,,,,C:\SILVER\archive\silver_track_d_replanning_attribution_20260527\ablation_300\data\PhysicsLaw\speed_of_sound_qa\example80,2026-06-01 21:55:41
265,PhysicsLaw/speed_of_sound_qa/example86,C2_qwen_conversion_failure,R4,C2_qwen_conversion_failure,not_run_conversion_failed,,,,C:\SILVER\archive\silver_track_d_replanning_attribution_20260527\ablation_300\data\PhysicsLaw\speed_of_sound_qa\example86,2026-06-01 21:55:41
266,PhysicsLaw/speed_of_sound_qa/example91,C2_qwen_conversion_failure,R4,C2_qwen_conversion_failure,not_run_conversion_failed,,,,C:\SILVER\archive\silver_track_d_replanning_attribution_20260527\ablation_300\data\PhysicsLaw\speed_of_sound_qa\example91,2026-06-01 21:55:41
267,PhysicsLaw/speed_of_sound_qa/example99,C2_qwen_conversion_failure,R4,C2_qwen_conversion_failure,not_run_conversion_failed,,,,C:\SILVER\archive\silver_track_d_replanning_attribution_20260527\ablation_300\data\PhysicsLaw\speed_of_sound_qa\example99,2026-06-01 21:55:41
268,Semantic/select_book_semantic/example84,C2_qwen_conversion_failure,R4,C2_qwen_conversion_failure,not_run_conversion_failed,,,,C:\SILVER\archive\silver_track_d_replanning_attribution_20260527\ablation_300\data\Semantic\select_book_semantic\example84,2026-06-01 21:55:41
269,Semantic/select_drink_semantic/example47,C2_qwen_conversion_failure,R4,C2_qwen_conversion_failure,not_run_conversion_failed,,,,C:\SILVER\archive\silver_track_d_replanning_attribution_20260527\ablation_300\data\Semantic\select_drink_semantic\example47,2026-06-01 21:55:41
270,Semantic/select_poker_semantic/example21,C2_qwen_conversion_failure,R4,C2_qwen_conversion_failure,not_run_conversion_failed,,,,C:\SILVER\archive\silver_track_d_replanning_attribution_20260527\ablation_300\data\Semantic\select_poker_semantic\example21,2026-06-01 21:55:41
271,Semantic/select_poker_semantic/example23,C2_qwen_conversion_failure,R4,C2_qwen_conversion_failure,not_run_conversion_failed,,,,C:\SILVER\archive\silver_track_d_replanning_attribution_20260527\ablation_300\data\Semantic\select_poker_semantic\example23,2026-06-01 21:55:41
272,Semantic/select_poker_semantic/example25,C2_qwen_conversion_failure,R4,C2_qwen_conversion_failure,not_run_conversion_failed,,,,C:\SILVER\archive\silver_track_d_replanning_attribution_20260527\ablation_300\data\Semantic\select_poker_semantic\example25,2026-06-01 21:55:41
273,Semantic/select_poker_semantic/example35,C2_qwen_conversion_failure,R4,C2_qwen_conversion_failure,not_run_conversion_failed,,,,C:\SILVER\archive\silver_track_d_replanning_attribution_20260527\ablation_300\data\Semantic\select_poker_semantic\example35,2026-06-01 21:55:41
274,Semantic/select_poker_semantic/example5,C2_qwen_conversion_failure,R4,C2_qwen_conversion_failure,not_run_conversion_failed,,,,C:\SILVER\archive\silver_track_d_replanning_attribution_20260527\ablation_300\data\Semantic\select_poker_semantic\example5,2026-06-01 21:55:41
275,Semantic/select_poker_semantic/example52,C2_qwen_conversion_failure,R4,C2_qwen_conversion_failure,not_run_conversion_failed,,,,C:\SILVER\archive\silver_track_d_replanning_attribution_20260527\ablation_300\data\Semantic\select_poker_semantic\example52,2026-06-01 21:55:41
276,Semantic/select_poker_semantic/example53,C2_qwen_conversion_failure,R4,C2_qwen_conversion_failure,not_run_conversion_failed,,,,C:\SILVER\archive\silver_track_d_replanning_attribution_20260527\ablation_300\data\Semantic\select_poker_semantic\example53,2026-06-01 21:55:41
277,Semantic/select_poker_semantic/example67,C2_qwen_conversion_failure,R4,C2_qwen_conversion_failure,not_run_conversion_failed,,,,C:\SILVER\archive\silver_track_d_replanning_attribution_20260527\ablation_300\data\Semantic\select_poker_semantic\example67,2026-06-01 21:55:41
278,Semantic/select_poker_semantic/example77,C2_qwen_conversion_failure,R4,C2_qwen_conversion_failure,not_run_conversion_failed,,,,C:\SILVER\archive\silver_track_d_replanning_attribution_20260527\ablation_300\data\Semantic\select_poker_semantic\example77,2026-06-01 21:55:41
279,Semantic/select_poker_semantic/example97,C2_qwen_conversion_failure,R4,C2_qwen_conversion_failure,not_run_conversion_failed,,,,C:\SILVER\archive\silver_track_d_replanning_attribution_20260527\ablation_300\data\Semantic\select_poker_semantic\example97,2026-06-01 21:55:41
280,Semantic/select_toy_semantic/example51,C2_qwen_conversion_failure,R4,C2_qwen_conversion_failure,not_run_conversion_failed,,,,C:\SILVER\archive\silver_track_d_replanning_attribution_20260527\ablation_300\data\Semantic\select_toy_semantic\example51,2026-06-01 21:55:41
281,M&T/select_billiards/example62,C3_entity_mapping_failure,R4,C3_entity_mapping_failure,not_run_conversion_failed,,,,C:\SILVER\archive\silver_track_d_replanning_attribution_20260527\ablation_300\data\M&T\select_billiards\example62,2026-06-01 21:55:41
282,Spatial/select_billiards_spatial/example0,C3_entity_mapping_failure,R4,C3_entity_mapping_failure,not_run_conversion_failed,,,,C:\SILVER\archive\silver_track_d_replanning_attribution_20260527\ablation_300\data\Spatial\select_billiards_spatial\example0,2026-06-01 21:55:41
283,Spatial/select_billiards_spatial/example11,C3_entity_mapping_failure,R4,C3_entity_mapping_failure,not_run_conversion_failed,,,,C:\SILVER\archive\silver_track_d_replanning_attribution_20260527\ablation_300\data\Spatial\select_billiards_spatial\example11,2026-06-01 21:55:41
284,Spatial/select_billiards_spatial/example14,C3_entity_mapping_failure,R4,C3_entity_mapping_failure,not_run_conversion_failed,,,,C:\SILVER\archive\silver_track_d_replanning_attribution_20260527\ablation_300\data\Spatial\select_billiards_spatial\example14,2026-06-01 21:55:41
285,Spatial/select_billiards_spatial/example19,C3_entity_mapping_failure,R4,C3_entity_mapping_failure,not_run_conversion_failed,,,,C:\SILVER\archive\silver_track_d_replanning_attribution_20260527\ablation_300\data\Spatial\select_billiards_spatial\example19,2026-06-01 21:55:41
286,Spatial/select_billiards_spatial/example27,C3_entity_mapping_failure,R4,C3_entity_mapping_failure,not_run_conversion_failed,,,,C:\SILVER\archive\silver_track_d_replanning_attribution_20260527\ablation_300\data\Spatial\select_billiards_spatial\example27,2026-06-01 21:55:41
287,Spatial/select_billiards_spatial/example38,C3_entity_mapping_failure,R4,C3_entity_mapping_failure,not_run_conversion_failed,,,,C:\SILVER\archive\silver_track_d_replanning_attribution_20260527\ablation_300\data\Spatial\select_billiards_spatial\example38,2026-06-01 21:55:41
288,Spatial/select_billiards_spatial/example51,C3_entity_mapping_failure,R4,C3_entity_mapping_failure,not_run_conversion_failed,,,,C:\SILVER\archive\silver_track_d_replanning_attribution_20260527\ablation_300\data\Spatial\select_billiards_spatial\example51,2026-06-01 21:55:41
289,Spatial/select_billiards_spatial/example53,C3_entity_mapping_failure,R4,C2_qwen_conversion_failure,not_run_conversion_failed,,,,C:\SILVER\archive\silver_track_d_replanning_attribution_20260527\ablation_300\data\Spatial\select_billiards_spatial\example53,2026-06-01 21:55:41
290,Spatial/select_billiards_spatial/example57,C3_entity_mapping_failure,R4,C3_entity_mapping_failure,not_run_conversion_failed,,,,C:\SILVER\archive\silver_track_d_replanning_attribution_20260527\ablation_300\data\Spatial\select_billiards_spatial\example57,2026-06-01 21:55:41
291,Spatial/select_billiards_spatial/example61,C3_entity_mapping_failure,R4,C2_qwen_conversion_failure,not_run_conversion_failed,,,,C:\SILVER\archive\silver_track_d_replanning_attribution_20260527\ablation_300\data\Spatial\select_billiards_spatial\example61,2026-06-01 21:55:41
292,Spatial/select_billiards_spatial/example63,C3_entity_mapping_failure,R4,C3_entity_mapping_failure,not_run_conversion_failed,,,,C:\SILVER\archive\silver_track_d_replanning_attribution_20260527\ablation_300\data\Spatial\select_billiards_spatial\example63,2026-06-01 21:55:41
293,Spatial/select_billiards_spatial/example64,C3_entity_mapping_failure,R4,C2_qwen_conversion_failure,not_run_conversion_failed,,,,C:\SILVER\archive\silver_track_d_replanning_attribution_20260527\ablation_300\data\Spatial\select_billiards_spatial\example64,2026-06-01 21:55:41
294,Spatial/select_billiards_spatial/example66,C3_entity_mapping_failure,R4,C3_entity_mapping_failure,not_run_conversion_failed,,,,C:\SILVER\archive\silver_track_d_replanning_attribution_20260527\ablation_300\data\Spatial\select_billiards_spatial\example66,2026-06-01 21:55:41
295,Spatial/select_billiards_spatial/example70,C3_entity_mapping_failure,R4,C2_qwen_conversion_failure,not_run_conversion_failed,,,,C:\SILVER\archive\silver_track_d_replanning_attribution_20260527\ablation_300\data\Spatial\select_billiards_spatial\example70,2026-06-01 21:55:41
296,Spatial/select_billiards_spatial/example73,C3_entity_mapping_failure,R4,C2_qwen_conversion_failure,not_run_conversion_failed,,,,C:\SILVER\archive\silver_track_d_replanning_attribution_20260527\ablation_300\data\Spatial\select_billiards_spatial\example73,2026-06-01 21:55:41
297,Spatial/select_billiards_spatial/example74,C3_entity_mapping_failure,R4,C3_entity_mapping_failure,not_run_conversion_failed,,,,C:\SILVER\archive\silver_track_d_replanning_attribution_20260527\ablation_300\data\Spatial\select_billiards_spatial\example74,2026-06-01 21:55:41
298,Spatial/select_billiards_spatial/example88,C3_entity_mapping_failure,R4,C2_qwen_conversion_failure,not_run_conversion_failed,,,,C:\SILVER\archive\silver_track_d_replanning_attribution_20260527\ablation_300\data\Spatial\select_billiards_spatial\example88,2026-06-01 21:55:41
299,Spatial/select_billiards_spatial/example92,C3_entity_mapping_failure,R4,C2_qwen_conversion_failure,not_run_conversion_failed,,,,C:\SILVER\archive\silver_track_d_replanning_attribution_20260527\ablation_300\data\Spatial\select_billiards_spatial\example92,2026-06-01 21:55:41
300,Semantic/select_poker_semantic/example49,C4_unsupported_qwen_skill,R4,C0_qwen_guided_success,completed,True,1.0,66.48267197608948,C:\SILVER\archive\silver_track_d_replanning_attribution_20260527\ablation_300\data\Semantic\select_poker_semantic\example49,2026-06-01 21:56:51
